aya_index,text
3,<b>الرحمن 1</b> الرحمن 
12,<b>لقمان 5</b>أولئك على هدى من ربهم وأولئك هم المفلحون 
41,<b>طه 116</b>وإذ قلنا للملائكة اسجدوا لآدم فسجدوا إلا إبليس أبى 
54,<b>البقرة 122</b>يا بني إسرائيل اذكروا نعمتي التي أنعمت عليكم وأني فضلتكم على العالمين 
55,<b>البقرة 123</b>واتقوا يوما لا تجزي نفس عن نفس شيئا ولا يقبل منها عدل ولا تنفعها شفاعة ولا هم ينصرون 
56,<b>الأعراف 141</b>وإذ أنجيناكم من آل فرعون يسومونكم سوء العذاب يقتلون أبناءكم ويستحيون نساءكم وفي ذلكم بلاء من ربكم عظيم 
69,<b>المائدة 69</b>إن الذين آمنوا والذين هادوا والصابئون والنصارى من آمن بالله واليوم الآخر وعمل صالحا فلا خوف عليهم ولا هم يحزنون 
89,<b>الأعراف 42</b>والذين آمنوا وعملوا الصالحات لا نكلف نفسا إلا وسعها أولئك أصحاب الجنة هم فيها خالدون 
114,<b>التوبة 116</b>إن الله له ملك السماوات والأرض يحيي ويميت وما لكم من دون الله من ولي ولا نصير 
129,<b>البقرة 47</b>يا بني إسرائيل اذكروا نعمتي التي أنعمت عليكم وأني فضلتكم على العالمين 
130,<b>البقرة 48</b>واتقوا يوما لا تجزي نفس عن نفس شيئا ولا يقبل منها شفاعة ولا يؤخذ منها عدل ولا هم ينصرون 
141,<b>البقرة 141</b>تلك أمة قد خلت لها ما كسبت ولكم ما كسبتم ولا تسألون عما كانوا يعملون 
143,<b>آل عمران 84</b>قل آمنا بالله وما أنزل علينا وما أنزل على إبراهيم وإسماعيل وإسحاق ويعقوب والأسباط وما أوتي موسى وعيسى والنبيون من ربهم لا نفرق بين أحد منهم ونحن له مسلمون 
148,<b>البقرة 134</b>تلك أمة قد خلت لها ما كسبت ولكم ما كسبتم ولا تسألون عما كانوا يعملون 
154,<b>آل عمران 60</b>الحق من ربك فلا تكن من الممترين 
169,<b>آل عمران 88</b>خالدين فيها لا يخفف عنهم العذاب ولا هم ينظرون 
180,<b>النحل 115</b>إنما حرم عليكم الميتة والدم ولحم الخنزير وما أهل لغير الله به فمن اضطر غير باغ ولا عاد فإن الله غفور رحيم 
303,<b>آل عمران 116</b>إن الذين كفروا لن تغني عنهم أموالهم ولا أولادهم من الله شيئا وأولئك أصحاب النار هم فيها خالدون 
344,"<b>مريم 36</b>وإن الله ربي وربكم فاعبدوه هذا صراط مستقيم ,<b>الزخرف 64</b>إن الله هو ربي وربكم فاعبدوه هذا صراط مستقيم "
353,<b>البقرة 147</b>الحق من ربك فلا تكونن من الممترين 
377,<b>البقرة 136</b>قولوا آمنا بالله وما أنزل إلينا وما أنزل إلى إبراهيم وإسماعيل وإسحاق ويعقوب والأسباط وما أوتي موسى وعيسى وما أوتي النبيون من ربهم لا نفرق بين أحد منهم ونحن له مسلمون 
381,<b>البقرة 162</b>خالدين فيها لا يخفف عنهم العذاب ولا هم ينظرون 
382,<b>النور 5</b>إلا الذين تابوا من بعد ذلك وأصلحوا فإن الله غفور رحيم 
409,"<b>آل عمران 10</b>إن الذين كفروا لن تغني عنهم أموالهم ولا أولادهم من الله شيئا وأولئك هم وقود النار ,<b>المجادلة 17</b>لن تغني عنهم أموالهم ولا أولادهم من الله شيئا أولئك أصحاب النار هم فيها خالدون "
419,<b>الأنفال 10</b>وما جعله الله إلا بشرى ولتطمئن به قلوبكم وما النصر إلا من عند الله إن الله عزيز حكيم 
475,"<b>الأنفال 51</b>ذلك بما قدمت أيديكم وأن الله ليس بظلام للعبيد ,<b>الحج 10</b>ذلك بما قدمت يداك وأن الله ليس بظلام للعبيد "
541,<b>النساء 116</b>إن الله لا يغفر أن يشرك به ويغفر ما دون ذلك لمن يشاء ومن يشرك بالله فقد ضل ضلالا بعيدا 
609,<b>النساء 48</b>إن الله لا يغفر أن يشرك به ويغفر ما دون ذلك لمن يشاء ومن يشرك بالله فقد افترى إثما عظيما 
679,<b>المائدة 86</b>والذين كفروا وكذبوا بآياتنا أولئك أصحاب الجحيم 
738,<b>البقرة 62</b>إن الذين آمنوا والذين هادوا والنصارى والصابئين من آمن بالله واليوم الآخر وعمل صالحا فلهم أجرهم عند ربهم ولا خوف عليهم ولا هم يحزنون 
755,<b>المائدة 10</b>والذين كفروا وكذبوا بآياتنا أولئك أصحاب الجحيم 
761,<b>التغابن 12</b>وأطيعوا الله وأطيعوا الرسول فإن توليتم فإنما على رسولنا البلاغ المبين 
793,<b>يس 46</b>وما تأتيهم من آية من آيات ربهم إلا كانوا عنها معرضين 
799,<b>الأنبياء 41</b>ولقد استهزئ برسل من قبلك فحاق بالذين سخروا منهم ما كانوا به يستهزئون 
804,<b>الزمر 13</b>قل إني أخاف إن عصيت ربي عذاب يوم عظيم 
810,<b>يونس 17</b>فمن أظلم ممن افترى على الله كذبا أو كذب بآياته إنه لا يفلح المجرمون 
818,<b>المؤمنون 37</b>إن هي إلا حياتنا الدنيا نموت ونحيا وما نحن بمبعوثين 
906,<b>القلم 7</b>إن ربك هو أعلم بمن ضل عن سبيله وهو أعلم بالمهتدين 
962,<b>المؤمنون 102</b>فمن ثقلت موازينه فأولئك هم المفلحون 
966,<b>ص 76</b>قال أنا خير منه خلقتني من نار وخلقته من طين 
996,<b>البقرة 82</b>والذين آمنوا وعملوا الصالحات أولئك أصحاب الجنة هم فيها خالدون 
999,<b>هود 19</b>الذين يصدون عن سبيل الله ويبغونها عوجا وهم بالآخرة هم كافرون 
1015,<b>الأعراف 67</b>قال يا قوم ليس بي سفاهة ولكني رسول من رب العالمين 
1019,<b>هود 50</b>وإلى عاد أخاهم هودا قال يا قوم اعبدوا الله ما لكم من إله غيره إن أنتم إلا مفترون 
1021,<b>الأعراف 61</b>قال يا قوم ليس بي ضلالة ولكني رسول من رب العالمين 
1032,"<b>الأعراف 91</b>فأخذتهم الرجفة فأصبحوا في دارهم جاثمين ,<b>العنكبوت 37</b>فكذبوه فأخذتهم الرجفة فأصبحوا في دارهم جاثمين "
1034,<b>العنكبوت 28</b>ولوطا إذ قال لقومه إنكم لتأتون الفاحشة ما سبقكم بها من أحد من العالمين 
1037,<b>النمل 57</b>فأنجيناه وأهله إلا امرأته قدرناها من الغابرين 
1045,"<b>الأعراف 78</b>فأخذتهم الرجفة فأصبحوا في دارهم جاثمين ,<b>العنكبوت 37</b>فكذبوه فأخذتهم الرجفة فأصبحوا في دارهم جاثمين "
1061,<b>الشعراء 32</b>فألقى عصاه فإذا هي ثعبان مبين 
1062,<b>الشعراء 33</b>ونزع يده فإذا هي بيضاء للناظرين 
1064,<b>الشعراء 35</b>يريد أن يخرجكم من أرضكم بسحره فماذا تأمرون 
1065,<b>الشعراء 36</b>قالوا أرجه وأخاه وابعث في المدائن حاشرين 
1068,<b>الشعراء 42</b>قال نعم وإنكم إذا لمن المقربين 
1075,<b>الشعراء 47</b>قالوا آمنا برب العالمين 
1076,<b>الشعراء 48</b>رب موسى وهارون 
1079,<b>الشعراء 50</b>قالوا لا ضير إنا إلى ربنا منقلبون 
1095,<b>البقرة 49</b>وإذ نجيناكم من آل فرعون يسومونكم سوء العذاب يذبحون أبناءكم ويستحيون نساءكم وفي ذلكم بلاء من ربكم عظيم 
1137,<b>القلم 45</b>وأملي لهم إن كيدي متين 
1170,<b>آل عمران 126</b>وما جعله الله إلا بشرى لكم ولتطمئن قلوبكم به وما النصر إلا من عند الله العزيز الحكيم 
1173,<b>الحشر 4</b>ذلك بأنهم شاقوا الله ورسوله ومن يشاق الله فإن الله شديد العقاب 
1211,"<b>آل عمران 182</b>ذلك بما قدمت أيديكم وأن الله ليس بظلام للعبيد ,<b>الحج 10</b>ذلك بما قدمت يداك وأن الله ليس بظلام للعبيد "
1268,<b>الصف 9</b>هو الذي أرسل رسوله بالهدى ودين الحق ليظهره على الدين كله ولو كره المشركون 
1308,<b>التحريم 9</b>يا أيها النبي جاهد الكفار والمنافقين واغلظ عليهم ومأواهم جهنم وبئس المصير 
1351,<b>البقرة 107</b>ألم تعلم أن الله له ملك السماوات والأرض وما لكم من دون الله من ولي ولا نصير 
1381,<b>الأنعام 21</b>ومن أظلم ممن افترى على الله كذبا أو كذب بآياته إنه لا يفلح الظالمون 
1402,<b>هود 13</b>أم يقولون افتراه قل فأتوا بعشر سور مثله مفتريات وادعوا من استطعتم من دون الله إن كنتم صادقين 
1412,"<b>الأنبياء 38</b>ويقولون متى هذا الوعد إن كنتم صادقين ,<b>النمل 71</b>ويقولون متى هذا الوعد إن كنتم صادقين ,<b>السجدة 28</b>ويقولون متى هذا الفتح إن كنتم صادقين ,<b>سبأ 29</b>ويقولون متى هذا الوعد إن كنتم صادقين ,<b>يس 48</b>ويقولون متى هذا الوعد إن كنتم صادقين ,<b>الملك 25</b>ويقولون متى هذا الوعد إن كنتم صادقين "
1427,"<b>النمل 53</b>وأنجينا الذين آمنوا وكانوا يتقون ,<b>فصلت 18</b>ونجينا الذين آمنوا وكانوا يتقون "
1444,<b>الشعراء 43</b>قال لهم موسى ألقوا ما أنتم ملقون 
1486,<b>يونس 38</b>أم يقولون افتراه قل فأتوا بسورة مثله وادعوا من استطعتم من دون الله إن كنتم صادقين 
1492,<b>الأعراف 45</b>الذين يصدون عن سبيل الله ويبغونها عوجا وهم بالآخرة كافرون 
1495,<b>النحل 109</b>لا جرم أنهم في الآخرة هم الخاسرون 
1512,<b>الزمر 40</b>من يأتيه عذاب يخزيه ويحل عليه عذاب مقيم 
1523,<b>الأعراف 65</b>وإلى عاد أخاهم هودا قال يا قوم اعبدوا الله ما لكم من إله غيره أفلا تتقون 
1569,<b>غافر 23</b>ولقد أرسلنا موسى بآياتنا وسلطان مبين 
1583,<b>فصلت 45</b>ولقد آتينا موسى الكتاب فاختلف فيه ولولا كلمة سبقت من ربك لقضي بينهم وإنهم لفي شك منه مريب 
1598,<b>الزخرف 3</b>إنا جعلناه قرآنا عربيا لعلكم تعقلون 
1618,<b>القصص 14</b>ولما بلغ أشده واستوى آتيناه حكما وعلما وكذلك نجزي المحسنين 
1770,<b>فاطر 17</b>وما ذلك على الله بعزيز 
1807,<b>المؤمنون 43</b>ما تسبق من أمة أجلها وما يستأخرون 
1813,<b>الزخرف 7</b>وما يأتيهم من نبي إلا كانوا به يستهزئون 
1821,<b>ق 7</b>والأرض مددناها وألقينا فيها رواسي وأنبتنا فيها من كل زوج بهيج 
1831,<b>ص 72</b>فإذا سويته ونفخت فيه من روحي فقعوا له ساجدين 
1832,<b>ص 73</b>فسجد الملائكة كلهم أجمعون 
1836,<b>ص 77</b>قال فاخرج منها فإنك رجيم 
1837,<b>ص 78</b>وإن عليك لعنتي إلى يوم الدين 
1838,<b>ص 79</b>قال رب فأنظرني إلى يوم يبعثون 
1839,<b>ص 80</b>قال فإنك من المنظرين 
1840,<b>ص 81</b>إلى يوم الوقت المعلوم 
1842,<b>ص 83</b>إلا عبادك منهم المخلصين 
1847,<b>الذاريات 15</b>إن المتقين في جنات وعيون 
1859,<b>الذاريات 31</b>قال فما خطبكم أيها المرسلون 
1860,<b>الذاريات 32</b>قالوا إنا أرسلنا إلى قوم مجرمين 
1935,<b>الجاثية 33</b>وبدا لهم سيئات ما عملوا وحاق بهم ما كانوا به يستهزئون 
1943,<b>العنكبوت 59</b>الذين صبروا وعلى ربهم يتوكلون 
1944,<b>الأنبياء 7</b>وما أرسلنا قبلك إلا رجالا نوحي إليهم فاسألوا أهل الذكر إن كنتم لا تعلمون 
1956,<b>الروم 34</b>ليكفروا بما آتيناهم فتمتعوا فسوف تعلمون 
2010,<b>هود 22</b>لا جرم أنهم في الآخرة هم الأخسرون 
2016,<b>البقرة 173</b>إنما حرم عليكم الميتة والدم ولحم الخنزير وما أهل به لغير الله فمن اضطر غير باغ ولا عاد فلا إثم عليه إن الله غفور رحيم 
2077,<b>الفرقان 9</b>انظر كيف ضربوا لك الأمثال فضلوا فلا يستطيعون سبيلا 
2112,<b>فصلت 51</b>وإذا أنعمنا على الإنسان أعرض ونأى بجانبه وإذا مسه الشر فذو دعاء عريض 
2207,"<b>الكهف 72</b>قال ألم أقل إنك لن تستطيع معي صبرا ,<b>الكهف 75</b>قال ألم أقل لك إنك لن تستطيع معي صبرا "
2212,"<b>الكهف 67</b>قال إنك لن تستطيع معي صبرا ,<b>الكهف 75</b>قال ألم أقل لك إنك لن تستطيع معي صبرا "
2215,"<b>الكهف 67</b>قال إنك لن تستطيع معي صبرا ,<b>الكهف 72</b>قال ألم أقل إنك لن تستطيع معي صبرا "
2229,<b>الكهف 92</b>ثم أتبع سببا 
2232,<b>الكهف 89</b>ثم أتبع سببا 
2286,"<b>آل عمران 51</b>إن الله ربي وربكم فاعبدوه هذا صراط مستقيم ,<b>الزخرف 64</b>إن الله هو ربي وربكم فاعبدوه هذا صراط مستقيم "
2291,<b>مريم 56</b>واذكر في الكتاب إدريس إنه كان صديقا نبيا 
2306,<b>مريم 41</b>واذكر في الكتاب إبراهيم إنه كان صديقا نبيا 
2372,<b>النازعات 17</b>اذهب إلى فرعون إنه طغى 
2464,<b>البقرة 34</b>وإذ قلنا للملائكة اسجدوا لآدم فسجدوا إلا إبليس أبى واستكبر وكان من الكافرين 
2476,<b>السجدة 26</b>أولم يهد لهم كم أهلكنا من قبلهم من القرون يمشون في مساكنهم إن في ذلك لآيات أفلا يسمعون 
2490,<b>النحل 43</b>وما أرسلنا من قبلك إلا رجالا نوحي إليهم فاسألوا أهل الذكر إن كنتم لا تعلمون 
2497,<b>القلم 31</b>قالوا يا ويلنا إنا كنا طاغين 
2499,<b>الدخان 38</b>وما خلقنا السماوات والأرض وما بينهما لاعبين 
2521,"<b>يونس 48</b>ويقولون متى هذا الوعد إن كنتم صادقين ,<b>النمل 71</b>ويقولون متى هذا الوعد إن كنتم صادقين ,<b>السجدة 28</b>ويقولون متى هذا الفتح إن كنتم صادقين ,<b>سبأ 29</b>ويقولون متى هذا الوعد إن كنتم صادقين ,<b>يس 48</b>ويقولون متى هذا الوعد إن كنتم صادقين ,<b>الملك 25</b>ويقولون متى هذا الوعد إن كنتم صادقين "
2524,<b>الأنعام 10</b>ولقد استهزئ برسل من قبلك فحاق بالذين سخروا منهم ما كانوا به يستهزئون 
2605,"<b>آل عمران 182</b>ذلك بما قدمت أيديكم وأن الله ليس بظلام للعبيد ,<b>الأنفال 51</b>ذلك بما قدمت أيديكم وأن الله ليس بظلام للعبيد "
2657,<b>لقمان 30</b>ذلك بأن الله هو الحق وأن ما يدعون من دونه الباطل وأن الله هو العلي الكبير 
2678,<b>المعارج 29</b>والذين هم لفروجهم حافظون 
2679,<b>المعارج 30</b>إلا على أزواجهم أو ما ملكت أيمانهم فإنهم غير ملومين 
2680,<b>المعارج 31</b>فمن ابتغى وراء ذلك فأولئك هم العادون 
2681,<b>المعارج 32</b>والذين هم لأماناتهم وعهدهم راعون 
2699,<b>المؤمنون 39</b>قال رب انصرني بما كذبون 
2704,<b>المؤمنون 42</b>ثم أنشأنا من بعدهم قرونا آخرين 
2710,<b>الأنعام 29</b>وقالوا إن هي إلا حياتنا الدنيا وما نحن بمبعوثين 
2712,<b>المؤمنون 26</b>قال رب انصرني بما كذبون 
2715,<b>المؤمنون 31</b>ثم أنشأنا من بعدهم قرنا آخرين 
2716,<b>الحجر 5</b>ما تسبق من أمة أجلها وما يستأخرون 
2755,<b>الصافات 16</b>أإذا متنا وكنا ترابا وعظاما أإنا لمبعوثون 
2756,<b>النمل 68</b>لقد وعدنا هذا نحن وآباؤنا من قبل إن هذا إلا أساطير الأولين 
2775,<b>الأعراف 8</b>والوزن يومئذ الحق فمن ثقلت موازينه فأولئك هم المفلحون 
2796,<b>آل عمران 89</b>إلا الذين تابوا من بعد ذلك وأصلحوا فإن الله غفور رحيم 
2864,<b>الإسراء 48</b>انظر كيف ضربوا لك الأمثال فضلوا فلا يستطيعون سبيلا 
2934,<b>القصص 2</b>تلك آيات الكتاب المبين 
2940,"<b>الشعراء 67</b>إن في ذلك لآية وما كان أكثرهم مؤمنين ,<b>الشعراء 103</b>إن في ذلك لآية وما كان أكثرهم مؤمنين ,<b>الشعراء 121</b>إن في ذلك لآية وما كان أكثرهم مؤمنين ,<b>الشعراء 139</b>فكذبوه فأهلكناهم إن في ذلك لآية وما كان أكثرهم مؤمنين ,<b>الشعراء 158</b>فأخذهم العذاب إن في ذلك لآية وما كان أكثرهم مؤمنين ,<b>الشعراء 174</b>إن في ذلك لآية وما كان أكثرهم مؤمنين ,<b>الشعراء 190</b>إن في ذلك لآية وما كان أكثرهم مؤمنين "
2941,"<b>الشعراء 68</b>وإن ربك لهو العزيز الرحيم ,<b>الشعراء 104</b>وإن ربك لهو العزيز الرحيم ,<b>الشعراء 122</b>وإن ربك لهو العزيز الرحيم ,<b>الشعراء 140</b>وإن ربك لهو العزيز الرحيم ,<b>الشعراء 159</b>وإن ربك لهو العزيز الرحيم ,<b>الشعراء 175</b>وإن ربك لهو العزيز الرحيم ,<b>الشعراء 191</b>وإن ربك لهو العزيز الرحيم "
2956,<b>الدخان 7</b>رب السماوات والأرض وما بينهما إن كنتم موقنين 
2964,<b>الأعراف 107</b>فألقى عصاه فإذا هي ثعبان مبين 
2965,<b>الأعراف 108</b>ونزع يده فإذا هي بيضاء للناظرين 
2967,<b>الأعراف 110</b>يريد أن يخرجكم من أرضكم فماذا تأمرون 
2968,<b>الأعراف 111</b>قالوا أرجه وأخاه وأرسل في المدائن حاشرين 
2974,<b>الأعراف 114</b>قال نعم وإنكم لمن المقربين 
2975,<b>يونس 80</b>فلما جاء السحرة قال لهم موسى ألقوا ما أنتم ملقون 
2979,<b>الأعراف 121</b>قالوا آمنا برب العالمين 
2980,<b>الأعراف 122</b>رب موسى وهارون 
2982,<b>الأعراف 125</b>قالوا إنا إلى ربنا منقلبون 
2998,<b>الصافات 82</b>ثم أغرقنا الآخرين 
2999,"<b>الشعراء 8</b>إن في ذلك لآية وما كان أكثرهم مؤمنين ,<b>الشعراء 103</b>إن في ذلك لآية وما كان أكثرهم مؤمنين ,<b>الشعراء 121</b>إن في ذلك لآية وما كان أكثرهم مؤمنين ,<b>الشعراء 139</b>فكذبوه فأهلكناهم إن في ذلك لآية وما كان أكثرهم مؤمنين ,<b>الشعراء 158</b>فأخذهم العذاب إن في ذلك لآية وما كان أكثرهم مؤمنين ,<b>الشعراء 174</b>إن في ذلك لآية وما كان أكثرهم مؤمنين ,<b>الشعراء 190</b>إن في ذلك لآية وما كان أكثرهم مؤمنين "
3000,"<b>الشعراء 9</b>وإن ربك لهو العزيز الرحيم ,<b>الشعراء 104</b>وإن ربك لهو العزيز الرحيم ,<b>الشعراء 122</b>وإن ربك لهو العزيز الرحيم ,<b>الشعراء 140</b>وإن ربك لهو العزيز الرحيم ,<b>الشعراء 159</b>وإن ربك لهو العزيز الرحيم ,<b>الشعراء 175</b>وإن ربك لهو العزيز الرحيم ,<b>الشعراء 191</b>وإن ربك لهو العزيز الرحيم "
3002,<b>الصافات 85</b>إذ قال لأبيه وقومه ماذا تعبدون 
3035,"<b>الشعراء 8</b>إن في ذلك لآية وما كان أكثرهم مؤمنين ,<b>الشعراء 67</b>إن في ذلك لآية وما كان أكثرهم مؤمنين ,<b>الشعراء 121</b>إن في ذلك لآية وما كان أكثرهم مؤمنين ,<b>الشعراء 139</b>فكذبوه فأهلكناهم إن في ذلك لآية وما كان أكثرهم مؤمنين ,<b>الشعراء 158</b>فأخذهم العذاب إن في ذلك لآية وما كان أكثرهم مؤمنين ,<b>الشعراء 174</b>إن في ذلك لآية وما كان أكثرهم مؤمنين ,<b>الشعراء 190</b>إن في ذلك لآية وما كان أكثرهم مؤمنين "
3036,"<b>الشعراء 9</b>وإن ربك لهو العزيز الرحيم ,<b>الشعراء 68</b>وإن ربك لهو العزيز الرحيم ,<b>الشعراء 122</b>وإن ربك لهو العزيز الرحيم ,<b>الشعراء 140</b>وإن ربك لهو العزيز الرحيم ,<b>الشعراء 159</b>وإن ربك لهو العزيز الرحيم ,<b>الشعراء 175</b>وإن ربك لهو العزيز الرحيم ,<b>الشعراء 191</b>وإن ربك لهو العزيز الرحيم "
3038,"<b>الشعراء 124</b>إذ قال لهم أخوهم هود ألا تتقون ,<b>الشعراء 142</b>إذ قال لهم أخوهم صالح ألا تتقون ,<b>الشعراء 161</b>إذ قال لهم أخوهم لوط ألا تتقون "
3039,"<b>الشعراء 125</b>إني لكم رسول أمين ,<b>الشعراء 143</b>إني لكم رسول أمين ,<b>الشعراء 162</b>إني لكم رسول أمين ,<b>الشعراء 178</b>إني لكم رسول أمين "
3040,"<b>الشعراء 110</b>فاتقوا الله وأطيعون ,<b>الشعراء 126</b>فاتقوا الله وأطيعون ,<b>الشعراء 131</b>فاتقوا الله وأطيعون ,<b>الشعراء 144</b>فاتقوا الله وأطيعون ,<b>الشعراء 150</b>فاتقوا الله وأطيعون ,<b>الشعراء 163</b>فاتقوا الله وأطيعون ,<b>الشعراء 179</b>فاتقوا الله وأطيعون "
3041,"<b>الشعراء 127</b>وما أسألكم عليه من أجر إن أجري إلا على رب العالمين ,<b>الشعراء 145</b>وما أسألكم عليه من أجر إن أجري إلا على رب العالمين ,<b>الشعراء 164</b>وما أسألكم عليه من أجر إن أجري إلا على رب العالمين ,<b>الشعراء 180</b>وما أسألكم عليه من أجر إن أجري إلا على رب العالمين "
3042,"<b>الشعراء 108</b>فاتقوا الله وأطيعون ,<b>الشعراء 126</b>فاتقوا الله وأطيعون ,<b>الشعراء 131</b>فاتقوا الله وأطيعون ,<b>الشعراء 144</b>فاتقوا الله وأطيعون ,<b>الشعراء 150</b>فاتقوا الله وأطيعون ,<b>الشعراء 163</b>فاتقوا الله وأطيعون ,<b>الشعراء 179</b>فاتقوا الله وأطيعون "
3053,"<b>الشعراء 8</b>إن في ذلك لآية وما كان أكثرهم مؤمنين ,<b>الشعراء 67</b>إن في ذلك لآية وما كان أكثرهم مؤمنين ,<b>الشعراء 103</b>إن في ذلك لآية وما كان أكثرهم مؤمنين ,<b>الشعراء 139</b>فكذبوه فأهلكناهم إن في ذلك لآية وما كان أكثرهم مؤمنين ,<b>الشعراء 158</b>فأخذهم العذاب إن في ذلك لآية وما كان أكثرهم مؤمنين ,<b>الشعراء 174</b>إن في ذلك لآية وما كان أكثرهم مؤمنين ,<b>الشعراء 190</b>إن في ذلك لآية وما كان أكثرهم مؤمنين "
3054,"<b>الشعراء 9</b>وإن ربك لهو العزيز الرحيم ,<b>الشعراء 68</b>وإن ربك لهو العزيز الرحيم ,<b>الشعراء 104</b>وإن ربك لهو العزيز الرحيم ,<b>الشعراء 140</b>وإن ربك لهو العزيز الرحيم ,<b>الشعراء 159</b>وإن ربك لهو العزيز الرحيم ,<b>الشعراء 175</b>وإن ربك لهو العزيز الرحيم ,<b>الشعراء 191</b>وإن ربك لهو العزيز الرحيم "
3056,"<b>الشعراء 106</b>إذ قال لهم أخوهم نوح ألا تتقون ,<b>الشعراء 142</b>إذ قال لهم أخوهم صالح ألا تتقون ,<b>الشعراء 161</b>إذ قال لهم أخوهم لوط ألا تتقون "
3057,"<b>الشعراء 107</b>إني لكم رسول أمين ,<b>الشعراء 143</b>إني لكم رسول أمين ,<b>الشعراء 162</b>إني لكم رسول أمين ,<b>الشعراء 178</b>إني لكم رسول أمين "
3058,"<b>الشعراء 108</b>فاتقوا الله وأطيعون ,<b>الشعراء 110</b>فاتقوا الله وأطيعون ,<b>الشعراء 131</b>فاتقوا الله وأطيعون ,<b>الشعراء 144</b>فاتقوا الله وأطيعون ,<b>الشعراء 150</b>فاتقوا الله وأطيعون ,<b>الشعراء 163</b>فاتقوا الله وأطيعون ,<b>الشعراء 179</b>فاتقوا الله وأطيعون "
3059,"<b>الشعراء 109</b>وما أسألكم عليه من أجر إن أجري إلا على رب العالمين ,<b>الشعراء 145</b>وما أسألكم عليه من أجر إن أجري إلا على رب العالمين ,<b>الشعراء 164</b>وما أسألكم عليه من أجر إن أجري إلا على رب العالمين ,<b>الشعراء 180</b>وما أسألكم عليه من أجر إن أجري إلا على رب العالمين "
3063,"<b>الشعراء 108</b>فاتقوا الله وأطيعون ,<b>الشعراء 110</b>فاتقوا الله وأطيعون ,<b>الشعراء 126</b>فاتقوا الله وأطيعون ,<b>الشعراء 144</b>فاتقوا الله وأطيعون ,<b>الشعراء 150</b>فاتقوا الله وأطيعون ,<b>الشعراء 163</b>فاتقوا الله وأطيعون ,<b>الشعراء 179</b>فاتقوا الله وأطيعون "
3071,"<b>الشعراء 8</b>إن في ذلك لآية وما كان أكثرهم مؤمنين ,<b>الشعراء 67</b>إن في ذلك لآية وما كان أكثرهم مؤمنين ,<b>الشعراء 103</b>إن في ذلك لآية وما كان أكثرهم مؤمنين ,<b>الشعراء 121</b>إن في ذلك لآية وما كان أكثرهم مؤمنين ,<b>الشعراء 174</b>إن في ذلك لآية وما كان أكثرهم مؤمنين ,<b>الشعراء 190</b>إن في ذلك لآية وما كان أكثرهم مؤمنين "
3072,"<b>الشعراء 9</b>وإن ربك لهو العزيز الرحيم ,<b>الشعراء 68</b>وإن ربك لهو العزيز الرحيم ,<b>الشعراء 104</b>وإن ربك لهو العزيز الرحيم ,<b>الشعراء 122</b>وإن ربك لهو العزيز الرحيم ,<b>الشعراء 159</b>وإن ربك لهو العزيز الرحيم ,<b>الشعراء 175</b>وإن ربك لهو العزيز الرحيم ,<b>الشعراء 191</b>وإن ربك لهو العزيز الرحيم "
3074,"<b>الشعراء 106</b>إذ قال لهم أخوهم نوح ألا تتقون ,<b>الشعراء 124</b>إذ قال لهم أخوهم هود ألا تتقون ,<b>الشعراء 161</b>إذ قال لهم أخوهم لوط ألا تتقون "
3075,"<b>الشعراء 107</b>إني لكم رسول أمين ,<b>الشعراء 125</b>إني لكم رسول أمين ,<b>الشعراء 162</b>إني لكم رسول أمين ,<b>الشعراء 178</b>إني لكم رسول أمين "
3076,"<b>الشعراء 108</b>فاتقوا الله وأطيعون ,<b>الشعراء 110</b>فاتقوا الله وأطيعون ,<b>الشعراء 126</b>فاتقوا الله وأطيعون ,<b>الشعراء 131</b>فاتقوا الله وأطيعون ,<b>الشعراء 150</b>فاتقوا الله وأطيعون ,<b>الشعراء 163</b>فاتقوا الله وأطيعون ,<b>الشعراء 179</b>فاتقوا الله وأطيعون "
3077,"<b>الشعراء 109</b>وما أسألكم عليه من أجر إن أجري إلا على رب العالمين ,<b>الشعراء 127</b>وما أسألكم عليه من أجر إن أجري إلا على رب العالمين ,<b>الشعراء 164</b>وما أسألكم عليه من أجر إن أجري إلا على رب العالمين ,<b>الشعراء 180</b>وما أسألكم عليه من أجر إن أجري إلا على رب العالمين "
3079,<b>الدخان 52</b>في جنات وعيون 
3082,"<b>الشعراء 108</b>فاتقوا الله وأطيعون ,<b>الشعراء 110</b>فاتقوا الله وأطيعون ,<b>الشعراء 126</b>فاتقوا الله وأطيعون ,<b>الشعراء 131</b>فاتقوا الله وأطيعون ,<b>الشعراء 144</b>فاتقوا الله وأطيعون ,<b>الشعراء 163</b>فاتقوا الله وأطيعون ,<b>الشعراء 179</b>فاتقوا الله وأطيعون "
3085,<b>الشعراء 185</b>قالوا إنما أنت من المسحرين 
3090,"<b>الشعراء 8</b>إن في ذلك لآية وما كان أكثرهم مؤمنين ,<b>الشعراء 67</b>إن في ذلك لآية وما كان أكثرهم مؤمنين ,<b>الشعراء 103</b>إن في ذلك لآية وما كان أكثرهم مؤمنين ,<b>الشعراء 121</b>إن في ذلك لآية وما كان أكثرهم مؤمنين ,<b>الشعراء 174</b>إن في ذلك لآية وما كان أكثرهم مؤمنين ,<b>الشعراء 190</b>إن في ذلك لآية وما كان أكثرهم مؤمنين "
3091,"<b>الشعراء 9</b>وإن ربك لهو العزيز الرحيم ,<b>الشعراء 68</b>وإن ربك لهو العزيز الرحيم ,<b>الشعراء 104</b>وإن ربك لهو العزيز الرحيم ,<b>الشعراء 122</b>وإن ربك لهو العزيز الرحيم ,<b>الشعراء 140</b>وإن ربك لهو العزيز الرحيم ,<b>الشعراء 175</b>وإن ربك لهو العزيز الرحيم ,<b>الشعراء 191</b>وإن ربك لهو العزيز الرحيم "
3093,"<b>الشعراء 106</b>إذ قال لهم أخوهم نوح ألا تتقون ,<b>الشعراء 124</b>إذ قال لهم أخوهم هود ألا تتقون ,<b>الشعراء 142</b>إذ قال لهم أخوهم صالح ألا تتقون "
3094,"<b>الشعراء 107</b>إني لكم رسول أمين ,<b>الشعراء 125</b>إني لكم رسول أمين ,<b>الشعراء 143</b>إني لكم رسول أمين ,<b>الشعراء 178</b>إني لكم رسول أمين "
3095,"<b>الشعراء 108</b>فاتقوا الله وأطيعون ,<b>الشعراء 110</b>فاتقوا الله وأطيعون ,<b>الشعراء 126</b>فاتقوا الله وأطيعون ,<b>الشعراء 131</b>فاتقوا الله وأطيعون ,<b>الشعراء 144</b>فاتقوا الله وأطيعون ,<b>الشعراء 150</b>فاتقوا الله وأطيعون ,<b>الشعراء 179</b>فاتقوا الله وأطيعون "
3096,"<b>الشعراء 109</b>وما أسألكم عليه من أجر إن أجري إلا على رب العالمين ,<b>الشعراء 127</b>وما أسألكم عليه من أجر إن أجري إلا على رب العالمين ,<b>الشعراء 145</b>وما أسألكم عليه من أجر إن أجري إلا على رب العالمين ,<b>الشعراء 180</b>وما أسألكم عليه من أجر إن أجري إلا على رب العالمين "
3103,<b>الصافات 135</b>إلا عجوزا في الغابرين 
3104,<b>الصافات 136</b>ثم دمرنا الآخرين 
3105,<b>النمل 58</b>وأمطرنا عليهم مطرا فساء مطر المنذرين 
3106,"<b>الشعراء 8</b>إن في ذلك لآية وما كان أكثرهم مؤمنين ,<b>الشعراء 67</b>إن في ذلك لآية وما كان أكثرهم مؤمنين ,<b>الشعراء 103</b>إن في ذلك لآية وما كان أكثرهم مؤمنين ,<b>الشعراء 121</b>إن في ذلك لآية وما كان أكثرهم مؤمنين ,<b>الشعراء 139</b>فكذبوه فأهلكناهم إن في ذلك لآية وما كان أكثرهم مؤمنين ,<b>الشعراء 158</b>فأخذهم العذاب إن في ذلك لآية وما كان أكثرهم مؤمنين ,<b>الشعراء 190</b>إن في ذلك لآية وما كان أكثرهم مؤمنين "
3107,"<b>الشعراء 9</b>وإن ربك لهو العزيز الرحيم ,<b>الشعراء 68</b>وإن ربك لهو العزيز الرحيم ,<b>الشعراء 104</b>وإن ربك لهو العزيز الرحيم ,<b>الشعراء 122</b>وإن ربك لهو العزيز الرحيم ,<b>الشعراء 140</b>وإن ربك لهو العزيز الرحيم ,<b>الشعراء 159</b>وإن ربك لهو العزيز الرحيم ,<b>الشعراء 191</b>وإن ربك لهو العزيز الرحيم "
3110,"<b>الشعراء 107</b>إني لكم رسول أمين ,<b>الشعراء 125</b>إني لكم رسول أمين ,<b>الشعراء 143</b>إني لكم رسول أمين ,<b>الشعراء 162</b>إني لكم رسول أمين "
3111,"<b>الشعراء 108</b>فاتقوا الله وأطيعون ,<b>الشعراء 110</b>فاتقوا الله وأطيعون ,<b>الشعراء 126</b>فاتقوا الله وأطيعون ,<b>الشعراء 131</b>فاتقوا الله وأطيعون ,<b>الشعراء 144</b>فاتقوا الله وأطيعون ,<b>الشعراء 150</b>فاتقوا الله وأطيعون ,<b>الشعراء 163</b>فاتقوا الله وأطيعون "
3112,"<b>الشعراء 109</b>وما أسألكم عليه من أجر إن أجري إلا على رب العالمين ,<b>الشعراء 127</b>وما أسألكم عليه من أجر إن أجري إلا على رب العالمين ,<b>الشعراء 145</b>وما أسألكم عليه من أجر إن أجري إلا على رب العالمين ,<b>الشعراء 164</b>وما أسألكم عليه من أجر إن أجري إلا على رب العالمين "
3117,<b>الشعراء 153</b>قالوا إنما أنت من المسحرين 
3122,"<b>الشعراء 8</b>إن في ذلك لآية وما كان أكثرهم مؤمنين ,<b>الشعراء 67</b>إن في ذلك لآية وما كان أكثرهم مؤمنين ,<b>الشعراء 103</b>إن في ذلك لآية وما كان أكثرهم مؤمنين ,<b>الشعراء 121</b>إن في ذلك لآية وما كان أكثرهم مؤمنين ,<b>الشعراء 139</b>فكذبوه فأهلكناهم إن في ذلك لآية وما كان أكثرهم مؤمنين ,<b>الشعراء 158</b>فأخذهم العذاب إن في ذلك لآية وما كان أكثرهم مؤمنين ,<b>الشعراء 174</b>إن في ذلك لآية وما كان أكثرهم مؤمنين "
3123,"<b>الشعراء 9</b>وإن ربك لهو العزيز الرحيم ,<b>الشعراء 68</b>وإن ربك لهو العزيز الرحيم ,<b>الشعراء 104</b>وإن ربك لهو العزيز الرحيم ,<b>الشعراء 122</b>وإن ربك لهو العزيز الرحيم ,<b>الشعراء 140</b>وإن ربك لهو العزيز الرحيم ,<b>الشعراء 159</b>وإن ربك لهو العزيز الرحيم ,<b>الشعراء 175</b>وإن ربك لهو العزيز الرحيم "
3136,<b>الصافات 176</b>أفبعذابنا يستعجلون 
3162,<b>لقمان 4</b>الذين يقيمون الصلاة ويؤتون الزكاة وهم بالآخرة هم يوقنون 
3212,<b>يونس 63</b>الذين آمنوا وكانوا يتقون 
3216,<b>الأعراف 83</b>فأنجيناه وأهله إلا امرأته كانت من الغابرين 
3217,<b>الشعراء 173</b>وأمطرنا عليهم مطرا فساء مطر المنذرين 
3227,<b>المؤمنون 83</b>لقد وعدنا نحن وآباؤنا هذا من قبل إن هذا إلا أساطير الأولين 
3230,"<b>يونس 48</b>ويقولون متى هذا الوعد إن كنتم صادقين ,<b>الأنبياء 38</b>ويقولون متى هذا الوعد إن كنتم صادقين ,<b>السجدة 28</b>ويقولون متى هذا الفتح إن كنتم صادقين ,<b>سبأ 29</b>ويقولون متى هذا الوعد إن كنتم صادقين ,<b>يس 48</b>ويقولون متى هذا الوعد إن كنتم صادقين ,<b>الملك 25</b>ويقولون متى هذا الوعد إن كنتم صادقين "
3239,<b>الروم 52</b>فإنك لا تسمع الموتى ولا تسمع الصم الدعاء إذا ولوا مدبرين 
3240,<b>الروم 53</b>وما أنت بهاد العمي عن ضلالتهم إن تسمع إلا من يؤمن بآياتنا فهم مسلمون 
3254,<b>الشعراء 2</b>تلك آيات الكتاب المبين 
3266,<b>يوسف 22</b>ولما بلغ أشده آتيناه حكما وعلما وكذلك نجزي المحسنين 
3314,<b>القصص 74</b>ويوم يناديهم فيقول أين شركائي الذين كنتم تزعمون 
3326,<b>القصص 62</b>ويوم يناديهم فيقول أين شركائي الذين كنتم تزعمون 
3362,<b>الشورى 31</b>وما أنتم بمعجزين في الأرض وما لكم من دون الله من ولي ولا نصير 
3368,<b>الأعراف 80</b>ولوطا إذ قال لقومه أتأتون الفاحشة ما سبقكم بها من أحد من العالمين 
3377,"<b>الأعراف 78</b>فأخذتهم الرجفة فأصبحوا في دارهم جاثمين ,<b>الأعراف 91</b>فأخذتهم الرجفة فأصبحوا في دارهم جاثمين "
3399,<b>النحل 42</b>الذين صبروا وعلى ربهم يتوكلون 
3443,<b>النحل 55</b>ليكفروا بما آتيناهم فتمتعوا فسوف تعلمون 
3446,<b>الزمر 52</b>أولم يعلموا أن الله يبسط الرزق لمن يشاء ويقدر إن في ذلك لآيات لقوم يؤمنون 
3461,<b>النمل 80</b>إنك لا تسمع الموتى ولا تسمع الصم الدعاء إذا ولوا مدبرين 
3462,<b>النمل 81</b>وما أنت بهادي العمي عن ضلالتهم إن تسمع إلا من يؤمن بآياتنا فهم مسلمون 
3473,<b>النمل 3</b>الذين يقيمون الصلاة ويؤتون الزكاة وهم بالآخرة هم يوقنون 
3474,<b>البقرة 5</b>أولئك على هدى من ربهم وأولئك هم المفلحون 
3499,<b>الحج 62</b>ذلك بأن الله هو الحق وأن ما يدعون من دونه هو الباطل وأن الله هو العلي الكبير 
3529,<b>طه 128</b>أفلم يهد لهم كم أهلكنا قبلهم من القرون يمشون في مساكنهم إن في ذلك لآيات لأولي النهى 
3531,"<b>يونس 48</b>ويقولون متى هذا الوعد إن كنتم صادقين ,<b>الأنبياء 38</b>ويقولون متى هذا الوعد إن كنتم صادقين ,<b>النمل 71</b>ويقولون متى هذا الوعد إن كنتم صادقين ,<b>سبأ 29</b>ويقولون متى هذا الوعد إن كنتم صادقين ,<b>يس 48</b>ويقولون متى هذا الوعد إن كنتم صادقين ,<b>الملك 25</b>ويقولون متى هذا الوعد إن كنتم صادقين "
3635,"<b>يونس 48</b>ويقولون متى هذا الوعد إن كنتم صادقين ,<b>الأنبياء 38</b>ويقولون متى هذا الوعد إن كنتم صادقين ,<b>النمل 71</b>ويقولون متى هذا الوعد إن كنتم صادقين ,<b>السجدة 28</b>ويقولون متى هذا الفتح إن كنتم صادقين ,<b>يس 48</b>ويقولون متى هذا الوعد إن كنتم صادقين ,<b>الملك 25</b>ويقولون متى هذا الوعد إن كنتم صادقين "
3677,<b>إبراهيم 20</b>وما ذلك على الله بعزيز 
3751,<b>الأنعام 4</b>وما تأتيهم من آية من آيات ربهم إلا كانوا عنها معرضين 
3753,"<b>يونس 48</b>ويقولون متى هذا الوعد إن كنتم صادقين ,<b>الأنبياء 38</b>ويقولون متى هذا الوعد إن كنتم صادقين ,<b>النمل 71</b>ويقولون متى هذا الوعد إن كنتم صادقين ,<b>السجدة 28</b>ويقولون متى هذا الفتح إن كنتم صادقين ,<b>سبأ 29</b>ويقولون متى هذا الوعد إن كنتم صادقين ,<b>الملك 25</b>ويقولون متى هذا الوعد إن كنتم صادقين "
3804,"<b>المؤمنون 82</b>قالوا أإذا متنا وكنا ترابا وعظاما أإنا لمبعوثون ,<b>الصافات 53</b>أإذا متنا وكنا ترابا وعظاما أإنا لمدينون "
3805,<b>الواقعة 48</b>أوآباؤنا الأولون 
3815,<b>الطور 25</b>وأقبل بعضهم على بعض يتساءلون 
3822,<b>المرسلات 18</b>كذلك نفعل بالمجرمين 
3828,"<b>الصافات 74</b>إلا عباد الله المخلصين ,<b>الصافات 128</b>إلا عباد الله المخلصين ,<b>الصافات 160</b>إلا عباد الله المخلصين "
3831,<b>الواقعة 12</b>في جنات النعيم 
3841,<b>الصافات 16</b>أإذا متنا وكنا ترابا وعظاما أإنا لمبعوثون 
3854,<b>الواقعة 53</b>فمالئون منها البطون 
3862,"<b>الصافات 40</b>إلا عباد الله المخلصين ,<b>الصافات 128</b>إلا عباد الله المخلصين ,<b>الصافات 160</b>إلا عباد الله المخلصين "
3866,"<b>الصافات 108</b>وتركنا عليه في الآخرين ,<b>الصافات 129</b>وتركنا عليه في الآخرين "
3868,"<b>الصافات 110</b>كذلك نجزي المحسنين ,<b>الصافات 121</b>إنا كذلك نجزي المحسنين ,<b>الصافات 131</b>إنا كذلك نجزي المحسنين ,<b>المرسلات 44</b>إنا كذلك نجزي المحسنين "
3869,"<b>الصافات 111</b>إنه من عبادنا المؤمنين ,<b>الصافات 132</b>إنه من عبادنا المؤمنين "
3870,<b>الشعراء 66</b>ثم أغرقنا الآخرين 
3873,<b>الشعراء 70</b>إذ قال لأبيه وقومه ما تعبدون 
3896,"<b>الصافات 78</b>وتركنا عليه في الآخرين ,<b>الصافات 129</b>وتركنا عليه في الآخرين "
3898,"<b>الصافات 80</b>إنا كذلك نجزي المحسنين ,<b>الصافات 121</b>إنا كذلك نجزي المحسنين ,<b>الصافات 131</b>إنا كذلك نجزي المحسنين ,<b>المرسلات 44</b>إنا كذلك نجزي المحسنين "
3899,"<b>الصافات 81</b>إنه من عبادنا المؤمنين ,<b>الصافات 132</b>إنه من عبادنا المؤمنين "
3909,"<b>الصافات 80</b>إنا كذلك نجزي المحسنين ,<b>الصافات 110</b>كذلك نجزي المحسنين ,<b>الصافات 131</b>إنا كذلك نجزي المحسنين ,<b>المرسلات 44</b>إنا كذلك نجزي المحسنين "
3916,"<b>الصافات 40</b>إلا عباد الله المخلصين ,<b>الصافات 74</b>إلا عباد الله المخلصين ,<b>الصافات 160</b>إلا عباد الله المخلصين "
3917,"<b>الصافات 78</b>وتركنا عليه في الآخرين ,<b>الصافات 108</b>وتركنا عليه في الآخرين "
3919,"<b>الصافات 80</b>إنا كذلك نجزي المحسنين ,<b>الصافات 110</b>كذلك نجزي المحسنين ,<b>الصافات 121</b>إنا كذلك نجزي المحسنين ,<b>المرسلات 44</b>إنا كذلك نجزي المحسنين "
3920,"<b>الصافات 81</b>إنه من عبادنا المؤمنين ,<b>الصافات 111</b>إنه من عبادنا المؤمنين "
3923,<b>الشعراء 171</b>إلا عجوزا في الغابرين 
3924,<b>الشعراء 172</b>ثم دمرنا الآخرين 
3942,<b>القلم 36</b>ما لكم كيف تحكمون 
3948,"<b>الصافات 40</b>إلا عباد الله المخلصين ,<b>الصافات 74</b>إلا عباد الله المخلصين ,<b>الصافات 128</b>إلا عباد الله المخلصين "
3964,<b>الشعراء 204</b>أفبعذابنا يستعجلون 
3995,<b>ص 40</b>وإن له عندنا لزلفى وحسن مآب 
4010,<b>ص 25</b>فغفرنا له ذلك وإن له عندنا لزلفى وحسن مآب 
4042,<b>الحجر 29</b>فإذا سويته ونفخت فيه من روحي فقعوا له ساجدين 
4043,<b>الحجر 30</b>فسجد الملائكة كلهم أجمعون 
4046,<b>الأعراف 12</b>قال ما منعك ألا تسجد إذ أمرتك قال أنا خير منه خلقتني من نار وخلقته من طين 
4047,<b>الحجر 34</b>قال فاخرج منها فإنك رجيم 
4048,<b>الحجر 35</b>وإن عليك اللعنة إلى يوم الدين 
4049,<b>الحجر 36</b>قال رب فأنظرني إلى يوم يبعثون 
4050,<b>الحجر 37</b>قال فإنك من المنظرين 
4051,<b>الحجر 38</b>إلى يوم الوقت المعلوم 
4053,<b>الحجر 40</b>إلا عبادك منهم المخلصين 
4057,<b>التكوير 27</b>إن هو إلا ذكر للعالمين 
4071,<b>الأنعام 15</b>قل إني أخاف إن عصيت ربي عذاب يوم عظيم 
4098,<b>هود 39</b>فسوف تعلمون من يأتيه عذاب يخزيه ويحل عليه عذاب مقيم 
4106,<b>الجاثية 33</b>وبدا لهم سيئات ما عملوا وحاق بهم ما كانوا به يستهزئون 
4110,<b>الروم 37</b>أولم يروا أن الله يبسط الرزق لمن يشاء ويقدر إن في ذلك لآيات لقوم يؤمنون 
4130,<b>غافر 76</b>ادخلوا أبواب جهنم خالدين فيها فبئس مثوى المتكبرين 
4135,"<b>الجاثية 2</b>تنزيل الكتاب من الله العزيز الحكيم ,<b>الأحقاف 2</b>تنزيل الكتاب من الله العزيز الحكيم "
4156,<b>هود 96</b>ولقد أرسلنا موسى بآياتنا وسلطان مبين 
4209,<b>الزمر 72</b>قيل ادخلوا أبواب جهنم خالدين فيها فبئس مثوى المتكبرين 
4226,<b>الانشقاق 25</b>إلا الذين آمنوا وعملوا الصالحات لهم أجر غير ممنون 
4236,<b>يونس 63</b>الذين آمنوا وكانوا يتقون 
4263,<b>هود 110</b>ولقد آتينا موسى الكتاب فاختلف فيه ولولا كلمة سبقت من ربك لقضي بينهم وإنهم لفي شك منه مريب 
4269,<b>الإسراء 83</b>وإذا أنعمنا على الإنسان أعرض ونأى بجانبه وإذا مسه الشر كان يئوسا 
4303,<b>العنكبوت 22</b>وما أنتم بمعجزين في الأرض ولا في السماء وما لكم من دون الله من ولي ولا نصير 
4327,<b>الدخان 2</b>والكتاب المبين 
4328,<b>يوسف 2</b>إنا أنزلناه قرآنا عربيا لعلكم تعقلون 
4332,<b>الحجر 11</b>وما يأتيهم من رسول إلا كانوا به يستهزئون 
4389,"<b>آل عمران 51</b>إن الله ربي وربكم فاعبدوه هذا صراط مستقيم ,<b>مريم 36</b>وإن الله ربي وربكم فاعبدوه هذا صراط مستقيم "
4408,<b>المعارج 42</b>فذرهم يخوضوا ويلعبوا حتى يلاقوا يومهم الذي يوعدون 
4416,<b>الزخرف 2</b>والكتاب المبين 
4421,<b>الشعراء 24</b>قال رب السماوات والأرض وما بينهما إن كنتم موقنين 
4452,<b>الأنبياء 16</b>وما خلقنا السماء والأرض وما بينهما لاعبين 
4466,<b>الشعراء 147</b>في جنات وعيون 
4475,"<b>غافر 2</b>تنزيل الكتاب من الله العزيز العليم ,<b>الأحقاف 2</b>تنزيل الكتاب من الله العزيز الحكيم "
4506,"<b>النحل 34</b>فأصابهم سيئات ما عملوا وحاق بهم ما كانوا به يستهزئون ,<b>الزمر 48</b>وبدا لهم سيئات ما كسبوا وحاق بهم ما كانوا به يستهزئون "
4512,"<b>غافر 2</b>تنزيل الكتاب من الله العزيز العليم ,<b>الجاثية 2</b>تنزيل الكتاب من الله العزيز الحكيم "
4637,<b>الحجر 19</b>والأرض مددناها وألقينا فيها رواسي وأنبتنا فيها من كل شيء موزون 
4690,<b>الحجر 45</b>إن المتقين في جنات وعيون 
4706,<b>الحجر 57</b>قال فما خطبكم أيها المرسلون 
4707,<b>الحجر 58</b>قالوا إنا أرسلنا إلى قوم مجرمين 
4754,<b>المرسلات 43</b>كلوا واشربوا هنيئا بما كنتم تعملون 
4760,<b>الصافات 27</b>وأقبل بعضهم على بعض يتساءلون 
4775,<b>القلم 46</b>أم تسألهم أجرا فهم من مغرم مثقلون 
4776,<b>القلم 47</b>أم عندهم الغيب فهم يكتبون 
4862,"<b>القمر 18</b>كذبت عاد فكيف كان عذابي ونذر ,<b>القمر 21</b>فكيف كان عذابي ونذر ,<b>القمر 30</b>فكيف كان عذابي ونذر "
4863,"<b>القمر 22</b>ولقد يسرنا القرآن للذكر فهل من مدكر ,<b>القمر 32</b>ولقد يسرنا القرآن للذكر فهل من مدكر ,<b>القمر 40</b>ولقد يسرنا القرآن للذكر فهل من مدكر "
4864,"<b>القمر 16</b>فكيف كان عذابي ونذر ,<b>القمر 21</b>فكيف كان عذابي ونذر ,<b>القمر 30</b>فكيف كان عذابي ونذر "
4867,"<b>القمر 16</b>فكيف كان عذابي ونذر ,<b>القمر 18</b>كذبت عاد فكيف كان عذابي ونذر ,<b>القمر 30</b>فكيف كان عذابي ونذر "
4868,"<b>القمر 17</b>ولقد يسرنا القرآن للذكر فهل من مدكر ,<b>القمر 32</b>ولقد يسرنا القرآن للذكر فهل من مدكر ,<b>القمر 40</b>ولقد يسرنا القرآن للذكر فهل من مدكر "
4876,"<b>القمر 16</b>فكيف كان عذابي ونذر ,<b>القمر 18</b>كذبت عاد فكيف كان عذابي ونذر ,<b>القمر 21</b>فكيف كان عذابي ونذر "
4878,"<b>القمر 17</b>ولقد يسرنا القرآن للذكر فهل من مدكر ,<b>القمر 22</b>ولقد يسرنا القرآن للذكر فهل من مدكر ,<b>القمر 40</b>ولقد يسرنا القرآن للذكر فهل من مدكر "
4886,"<b>القمر 17</b>ولقد يسرنا القرآن للذكر فهل من مدكر ,<b>القمر 22</b>ولقد يسرنا القرآن للذكر فهل من مدكر ,<b>القمر 32</b>ولقد يسرنا القرآن للذكر فهل من مدكر "
4902,<b>الفاتحة 3</b>الرحمن الرحيم 
4914,"<b>الرحمن 16</b>فبأي آلاء ربكما تكذبان ,<b>الرحمن 18</b>فبأي آلاء ربكما تكذبان ,<b>الرحمن 21</b>فبأي آلاء ربكما تكذبان ,<b>الرحمن 23</b>فبأي آلاء ربكما تكذبان ,<b>الرحمن 25</b>فبأي آلاء ربكما تكذبان ,<b>الرحمن 28</b>فبأي آلاء ربكما تكذبان ,<b>الرحمن 30</b>فبأي آلاء ربكما تكذبان ,<b>الرحمن 32</b>فبأي آلاء ربكما تكذبان ,<b>الرحمن 34</b>فبأي آلاء ربكما تكذبان ,<b>الرحمن 36</b>فبأي آلاء ربكما تكذبان ,<b>الرحمن 38</b>فبأي آلاء ربكما تكذبان ,<b>الرحمن 40</b>فبأي آلاء ربكما تكذبان ,<b>الرحمن 42</b>فبأي آلاء ربكما تكذبان ,<b>الرحمن 45</b>فبأي آلاء ربكما تكذبان ,<b>الرحمن 47</b>فبأي آلاء ربكما تكذبان ,<b>الرحمن 49</b>فبأي آلاء ربكما تكذبان ,<b>الرحمن 51</b>فبأي آلاء ربكما تكذبان ,<b>الرحمن 53</b>فبأي آلاء ربكما تكذبان ,<b>الرحمن 55</b>فبأي آلاء ربكما تكذبان ,<b>الرحمن 57</b>فبأي آلاء ربكما تكذبان ,<b>الرحمن 59</b>فبأي آلاء ربكما تكذبان ,<b>الرحمن 61</b>فبأي آلاء ربكما تكذبان ,<b>الرحمن 63</b>فبأي آلاء ربكما تكذبان ,<b>الرحمن 65</b>فبأي آلاء ربكما تكذبان ,<b>الرحمن 67</b>فبأي آلاء ربكما تكذبان ,<b>الرحمن 69</b>فبأي آلاء ربكما تكذبان ,<b>الرحمن 71</b>فبأي آلاء ربكما تكذبان ,<b>الرحمن 73</b>فبأي آلاء ربكما تكذبان ,<b>الرحمن 75</b>فبأي آلاء ربكما تكذبان ,<b>الرحمن 77</b>فبأي آلاء ربكما تكذبان "
4917,"<b>الرحمن 13</b>فبأي آلاء ربكما تكذبان ,<b>الرحمن 18</b>فبأي آلاء ربكما تكذبان ,<b>الرحمن 21</b>فبأي آلاء ربكما تكذبان ,<b>الرحمن 23</b>فبأي آلاء ربكما تكذبان ,<b>الرحمن 25</b>فبأي آلاء ربكما تكذبان ,<b>الرحمن 28</b>فبأي آلاء ربكما تكذبان ,<b>الرحمن 30</b>فبأي آلاء ربكما تكذبان ,<b>الرحمن 32</b>فبأي آلاء ربكما تكذبان ,<b>الرحمن 34</b>فبأي آلاء ربكما تكذبان ,<b>الرحمن 36</b>فبأي آلاء ربكما تكذبان ,<b>الرحمن 38</b>فبأي آلاء ربكما تكذبان ,<b>الرحمن 40</b>فبأي آلاء ربكما تكذبان ,<b>الرحمن 42</b>فبأي آلاء ربكما تكذبان ,<b>الرحمن 45</b>فبأي آلاء ربكما تكذبان ,<b>الرحمن 47</b>فبأي آلاء ربكما تكذبان ,<b>الرحمن 49</b>فبأي آلاء ربكما تكذبان ,<b>الرحمن 51</b>فبأي آلاء ربكما تكذبان ,<b>الرحمن 53</b>فبأي آلاء ربكما تكذبان ,<b>الرحمن 55</b>فبأي آلاء ربكما تكذبان ,<b>الرحمن 57</b>فبأي آلاء ربكما تكذبان ,<b>الرحمن 59</b>فبأي آلاء ربكما تكذبان ,<b>الرحمن 61</b>فبأي آلاء ربكما تكذبان ,<b>الرحمن 63</b>فبأي آلاء ربكما تكذبان ,<b>الرحمن 65</b>فبأي آلاء ربكما تكذبان ,<b>الرحمن 67</b>فبأي آلاء ربكما تكذبان ,<b>الرحمن 69</b>فبأي آلاء ربكما تكذبان ,<b>الرحمن 71</b>فبأي آلاء ربكما تكذبان ,<b>الرحمن 73</b>فبأي آلاء ربكما تكذبان ,<b>الرحمن 75</b>فبأي آلاء ربكما تكذبان ,<b>الرحمن 77</b>فبأي آلاء ربكما تكذبان "
4919,"<b>الرحمن 13</b>فبأي آلاء ربكما تكذبان ,<b>الرحمن 16</b>فبأي آلاء ربكما تكذبان ,<b>الرحمن 21</b>فبأي آلاء ربكما تكذبان ,<b>الرحمن 23</b>فبأي آلاء ربكما تكذبان ,<b>الرحمن 25</b>فبأي آلاء ربكما تكذبان ,<b>الرحمن 28</b>فبأي آلاء ربكما تكذبان ,<b>الرحمن 30</b>فبأي آلاء ربكما تكذبان ,<b>الرحمن 32</b>فبأي آلاء ربكما تكذبان ,<b>الرحمن 34</b>فبأي آلاء ربكما تكذبان ,<b>الرحمن 36</b>فبأي آلاء ربكما تكذبان ,<b>الرحمن 38</b>فبأي آلاء ربكما تكذبان ,<b>الرحمن 40</b>فبأي آلاء ربكما تكذبان ,<b>الرحمن 42</b>فبأي آلاء ربكما تكذبان ,<b>الرحمن 45</b>فبأي آلاء ربكما تكذبان ,<b>الرحمن 47</b>فبأي آلاء ربكما تكذبان ,<b>الرحمن 49</b>فبأي آلاء ربكما تكذبان ,<b>الرحمن 51</b>فبأي آلاء ربكما تكذبان ,<b>الرحمن 53</b>فبأي آلاء ربكما تكذبان ,<b>الرحمن 55</b>فبأي آلاء ربكما تكذبان ,<b>الرحمن 57</b>فبأي آلاء ربكما تكذبان ,<b>الرحمن 59</b>فبأي آلاء ربكما تكذبان ,<b>الرحمن 61</b>فبأي آلاء ربكما تكذبان ,<b>الرحمن 63</b>فبأي آلاء ربكما تكذبان ,<b>الرحمن 65</b>فبأي آلاء ربكما تكذبان ,<b>الرحمن 67</b>فبأي آلاء ربكما تكذبان ,<b>الرحمن 69</b>فبأي آلاء ربكما تكذبان ,<b>الرحمن 71</b>فبأي آلاء ربكما تكذبان ,<b>الرحمن 73</b>فبأي آلاء ربكما تكذبان ,<b>الرحمن 75</b>فبأي آلاء ربكما تكذبان ,<b>الرحمن 77</b>فبأي آلاء ربكما تكذبان "
4922,"<b>الرحمن 13</b>فبأي آلاء ربكما تكذبان ,<b>الرحمن 16</b>فبأي آلاء ربكما تكذبان ,<b>الرحمن 18</b>فبأي آلاء ربكما تكذبان ,<b>الرحمن 23</b>فبأي آلاء ربكما تكذبان ,<b>الرحمن 25</b>فبأي آلاء ربكما تكذبان ,<b>الرحمن 28</b>فبأي آلاء ربكما تكذبان ,<b>الرحمن 30</b>فبأي آلاء ربكما تكذبان ,<b>الرحمن 32</b>فبأي آلاء ربكما تكذبان ,<b>الرحمن 34</b>فبأي آلاء ربكما تكذبان ,<b>الرحمن 36</b>فبأي آلاء ربكما تكذبان ,<b>الرحمن 38</b>فبأي آلاء ربكما تكذبان ,<b>الرحمن 40</b>فبأي آلاء ربكما تكذبان ,<b>الرحمن 42</b>فبأي آلاء ربكما تكذبان ,<b>الرحمن 45</b>فبأي آلاء ربكما تكذبان ,<b>الرحمن 47</b>فبأي آلاء ربكما تكذبان ,<b>الرحمن 49</b>فبأي آلاء ربكما تكذبان ,<b>الرحمن 51</b>فبأي آلاء ربكما تكذبان ,<b>الرحمن 53</b>فبأي آلاء ربكما تكذبان ,<b>الرحمن 55</b>فبأي آلاء ربكما تكذبان ,<b>الرحمن 57</b>فبأي آلاء ربكما تكذبان ,<b>الرحمن 59</b>فبأي آلاء ربكما تكذبان ,<b>الرحمن 61</b>فبأي آلاء ربكما تكذبان ,<b>الرحمن 63</b>فبأي آلاء ربكما تكذبان ,<b>الرحمن 65</b>فبأي آلاء ربكما تكذبان ,<b>الرحمن 67</b>فبأي آلاء ربكما تكذبان ,<b>الرحمن 69</b>فبأي آلاء ربكما تكذبان ,<b>الرحمن 71</b>فبأي آلاء ربكما تكذبان ,<b>الرحمن 73</b>فبأي آلاء ربكما تكذبان ,<b>الرحمن 75</b>فبأي آلاء ربكما تكذبان ,<b>الرحمن 77</b>فبأي آلاء ربكما تكذبان "
4924,"<b>الرحمن 13</b>فبأي آلاء ربكما تكذبان ,<b>الرحمن 16</b>فبأي آلاء ربكما تكذبان ,<b>الرحمن 18</b>فبأي آلاء ربكما تكذبان ,<b>الرحمن 21</b>فبأي آلاء ربكما تكذبان ,<b>الرحمن 25</b>فبأي آلاء ربكما تكذبان ,<b>الرحمن 28</b>فبأي آلاء ربكما تكذبان ,<b>الرحمن 30</b>فبأي آلاء ربكما تكذبان ,<b>الرحمن 32</b>فبأي آلاء ربكما تكذبان ,<b>الرحمن 34</b>فبأي آلاء ربكما تكذبان ,<b>الرحمن 36</b>فبأي آلاء ربكما تكذبان ,<b>الرحمن 38</b>فبأي آلاء ربكما تكذبان ,<b>الرحمن 40</b>فبأي آلاء ربكما تكذبان ,<b>الرحمن 42</b>فبأي آلاء ربكما تكذبان ,<b>الرحمن 45</b>فبأي آلاء ربكما تكذبان ,<b>الرحمن 47</b>فبأي آلاء ربكما تكذبان ,<b>الرحمن 49</b>فبأي آلاء ربكما تكذبان ,<b>الرحمن 51</b>فبأي آلاء ربكما تكذبان ,<b>الرحمن 53</b>فبأي آلاء ربكما تكذبان ,<b>الرحمن 55</b>فبأي آلاء ربكما تكذبان ,<b>الرحمن 57</b>فبأي آلاء ربكما تكذبان ,<b>الرحمن 59</b>فبأي آلاء ربكما تكذبان ,<b>الرحمن 61</b>فبأي آلاء ربكما تكذبان ,<b>الرحمن 63</b>فبأي آلاء ربكما تكذبان ,<b>الرحمن 65</b>فبأي آلاء ربكما تكذبان ,<b>الرحمن 67</b>فبأي آلاء ربكما تكذبان ,<b>الرحمن 69</b>فبأي آلاء ربكما تكذبان ,<b>الرحمن 71</b>فبأي آلاء ربكما تكذبان ,<b>الرحمن 73</b>فبأي آلاء ربكما تكذبان ,<b>الرحمن 75</b>فبأي آلاء ربكما تكذبان ,<b>الرحمن 77</b>فبأي آلاء ربكما تكذبان "
4926,"<b>الرحمن 13</b>فبأي آلاء ربكما تكذبان ,<b>الرحمن 16</b>فبأي آلاء ربكما تكذبان ,<b>الرحمن 18</b>فبأي آلاء ربكما تكذبان ,<b>الرحمن 21</b>فبأي آلاء ربكما تكذبان ,<b>الرحمن 23</b>فبأي آلاء ربكما تكذبان ,<b>الرحمن 28</b>فبأي آلاء ربكما تكذبان ,<b>الرحمن 30</b>فبأي آلاء ربكما تكذبان ,<b>الرحمن 32</b>فبأي آلاء ربكما تكذبان ,<b>الرحمن 34</b>فبأي آلاء ربكما تكذبان ,<b>الرحمن 36</b>فبأي آلاء ربكما تكذبان ,<b>الرحمن 38</b>فبأي آلاء ربكما تكذبان ,<b>الرحمن 40</b>فبأي آلاء ربكما تكذبان ,<b>الرحمن 42</b>فبأي آلاء ربكما تكذبان ,<b>الرحمن 45</b>فبأي آلاء ربكما تكذبان ,<b>الرحمن 47</b>فبأي آلاء ربكما تكذبان ,<b>الرحمن 49</b>فبأي آلاء ربكما تكذبان ,<b>الرحمن 51</b>فبأي آلاء ربكما تكذبان ,<b>الرحمن 53</b>فبأي آلاء ربكما تكذبان ,<b>الرحمن 55</b>فبأي آلاء ربكما تكذبان ,<b>الرحمن 57</b>فبأي آلاء ربكما تكذبان ,<b>الرحمن 59</b>فبأي آلاء ربكما تكذبان ,<b>الرحمن 61</b>فبأي آلاء ربكما تكذبان ,<b>الرحمن 63</b>فبأي آلاء ربكما تكذبان ,<b>الرحمن 65</b>فبأي آلاء ربكما تكذبان ,<b>الرحمن 67</b>فبأي آلاء ربكما تكذبان ,<b>الرحمن 69</b>فبأي آلاء ربكما تكذبان ,<b>الرحمن 71</b>فبأي آلاء ربكما تكذبان ,<b>الرحمن 73</b>فبأي آلاء ربكما تكذبان ,<b>الرحمن 75</b>فبأي آلاء ربكما تكذبان ,<b>الرحمن 77</b>فبأي آلاء ربكما تكذبان "
4929,"<b>الرحمن 13</b>فبأي آلاء ربكما تكذبان ,<b>الرحمن 16</b>فبأي آلاء ربكما تكذبان ,<b>الرحمن 18</b>فبأي آلاء ربكما تكذبان ,<b>الرحمن 21</b>فبأي آلاء ربكما تكذبان ,<b>الرحمن 23</b>فبأي آلاء ربكما تكذبان ,<b>الرحمن 25</b>فبأي آلاء ربكما تكذبان ,<b>الرحمن 30</b>فبأي آلاء ربكما تكذبان ,<b>الرحمن 32</b>فبأي آلاء ربكما تكذبان ,<b>الرحمن 34</b>فبأي آلاء ربكما تكذبان ,<b>الرحمن 36</b>فبأي آلاء ربكما تكذبان ,<b>الرحمن 38</b>فبأي آلاء ربكما تكذبان ,<b>الرحمن 40</b>فبأي آلاء ربكما تكذبان ,<b>الرحمن 42</b>فبأي آلاء ربكما تكذبان ,<b>الرحمن 45</b>فبأي آلاء ربكما تكذبان ,<b>الرحمن 47</b>فبأي آلاء ربكما تكذبان ,<b>الرحمن 49</b>فبأي آلاء ربكما تكذبان ,<b>الرحمن 51</b>فبأي آلاء ربكما تكذبان ,<b>الرحمن 53</b>فبأي آلاء ربكما تكذبان ,<b>الرحمن 55</b>فبأي آلاء ربكما تكذبان ,<b>الرحمن 57</b>فبأي آلاء ربكما تكذبان ,<b>الرحمن 59</b>فبأي آلاء ربكما تكذبان ,<b>الرحمن 61</b>فبأي آلاء ربكما تكذبان ,<b>الرحمن 63</b>فبأي آلاء ربكما تكذبان ,<b>الرحمن 65</b>فبأي آلاء ربكما تكذبان ,<b>الرحمن 67</b>فبأي آلاء ربكما تكذبان ,<b>الرحمن 69</b>فبأي آلاء ربكما تكذبان ,<b>الرحمن 71</b>فبأي آلاء ربكما تكذبان ,<b>الرحمن 73</b>فبأي آلاء ربكما تكذبان ,<b>الرحمن 75</b>فبأي آلاء ربكما تكذبان ,<b>الرحمن 77</b>فبأي آلاء ربكما تكذبان "
4931,"<b>الرحمن 13</b>فبأي آلاء ربكما تكذبان ,<b>الرحمن 16</b>فبأي آلاء ربكما تكذبان ,<b>الرحمن 18</b>فبأي آلاء ربكما تكذبان ,<b>الرحمن 21</b>فبأي آلاء ربكما تكذبان ,<b>الرحمن 23</b>فبأي آلاء ربكما تكذبان ,<b>الرحمن 25</b>فبأي آلاء ربكما تكذبان ,<b>الرحمن 28</b>فبأي آلاء ربكما تكذبان ,<b>الرحمن 32</b>فبأي آلاء ربكما تكذبان ,<b>الرحمن 34</b>فبأي آلاء ربكما تكذبان ,<b>الرحمن 36</b>فبأي آلاء ربكما تكذبان ,<b>الرحمن 38</b>فبأي آلاء ربكما تكذبان ,<b>الرحمن 40</b>فبأي آلاء ربكما تكذبان ,<b>الرحمن 42</b>فبأي آلاء ربكما تكذبان ,<b>الرحمن 45</b>فبأي آلاء ربكما تكذبان ,<b>الرحمن 47</b>فبأي آلاء ربكما تكذبان ,<b>الرحمن 49</b>فبأي آلاء ربكما تكذبان ,<b>الرحمن 51</b>فبأي آلاء ربكما تكذبان ,<b>الرحمن 53</b>فبأي آلاء ربكما تكذبان ,<b>الرحمن 55</b>فبأي آلاء ربكما تكذبان ,<b>الرحمن 57</b>فبأي آلاء ربكما تكذبان ,<b>الرحمن 59</b>فبأي آلاء ربكما تكذبان ,<b>الرحمن 61</b>فبأي آلاء ربكما تكذبان ,<b>الرحمن 63</b>فبأي آلاء ربكما تكذبان ,<b>الرحمن 65</b>فبأي آلاء ربكما تكذبان ,<b>الرحمن 67</b>فبأي آلاء ربكما تكذبان ,<b>الرحمن 69</b>فبأي آلاء ربكما تكذبان ,<b>الرحمن 71</b>فبأي آلاء ربكما تكذبان ,<b>الرحمن 73</b>فبأي آلاء ربكما تكذبان ,<b>الرحمن 75</b>فبأي آلاء ربكما تكذبان ,<b>الرحمن 77</b>فبأي آلاء ربكما تكذبان "
4933,"<b>الرحمن 13</b>فبأي آلاء ربكما تكذبان ,<b>الرحمن 16</b>فبأي آلاء ربكما تكذبان ,<b>الرحمن 18</b>فبأي آلاء ربكما تكذبان ,<b>الرحمن 21</b>فبأي آلاء ربكما تكذبان ,<b>الرحمن 23</b>فبأي آلاء ربكما تكذبان ,<b>الرحمن 25</b>فبأي آلاء ربكما تكذبان ,<b>الرحمن 28</b>فبأي آلاء ربكما تكذبان ,<b>الرحمن 30</b>فبأي آلاء ربكما تكذبان ,<b>الرحمن 34</b>فبأي آلاء ربكما تكذبان ,<b>الرحمن 36</b>فبأي آلاء ربكما تكذبان ,<b>الرحمن 38</b>فبأي آلاء ربكما تكذبان ,<b>الرحمن 40</b>فبأي آلاء ربكما تكذبان ,<b>الرحمن 42</b>فبأي آلاء ربكما تكذبان ,<b>الرحمن 45</b>فبأي آلاء ربكما تكذبان ,<b>الرحمن 47</b>فبأي آلاء ربكما تكذبان ,<b>الرحمن 49</b>فبأي آلاء ربكما تكذبان ,<b>الرحمن 51</b>فبأي آلاء ربكما تكذبان ,<b>الرحمن 53</b>فبأي آلاء ربكما تكذبان ,<b>الرحمن 55</b>فبأي آلاء ربكما تكذبان ,<b>الرحمن 57</b>فبأي آلاء ربكما تكذبان ,<b>الرحمن 59</b>فبأي آلاء ربكما تكذبان ,<b>الرحمن 61</b>فبأي آلاء ربكما تكذبان ,<b>الرحمن 63</b>فبأي آلاء ربكما تكذبان ,<b>الرحمن 65</b>فبأي آلاء ربكما تكذبان ,<b>الرحمن 67</b>فبأي آلاء ربكما تكذبان ,<b>الرحمن 69</b>فبأي آلاء ربكما تكذبان ,<b>الرحمن 71</b>فبأي آلاء ربكما تكذبان ,<b>الرحمن 73</b>فبأي آلاء ربكما تكذبان ,<b>الرحمن 75</b>فبأي آلاء ربكما تكذبان ,<b>الرحمن 77</b>فبأي آلاء ربكما تكذبان "
4935,"<b>الرحمن 13</b>فبأي آلاء ربكما تكذبان ,<b>الرحمن 16</b>فبأي آلاء ربكما تكذبان ,<b>الرحمن 18</b>فبأي آلاء ربكما تكذبان ,<b>الرحمن 21</b>فبأي آلاء ربكما تكذبان ,<b>الرحمن 23</b>فبأي آلاء ربكما تكذبان ,<b>الرحمن 25</b>فبأي آلاء ربكما تكذبان ,<b>الرحمن 28</b>فبأي آلاء ربكما تكذبان ,<b>الرحمن 30</b>فبأي آلاء ربكما تكذبان ,<b>الرحمن 32</b>فبأي آلاء ربكما تكذبان ,<b>الرحمن 36</b>فبأي آلاء ربكما تكذبان ,<b>الرحمن 38</b>فبأي آلاء ربكما تكذبان ,<b>الرحمن 40</b>فبأي آلاء ربكما تكذبان ,<b>الرحمن 42</b>فبأي آلاء ربكما تكذبان ,<b>الرحمن 45</b>فبأي آلاء ربكما تكذبان ,<b>الرحمن 47</b>فبأي آلاء ربكما تكذبان ,<b>الرحمن 49</b>فبأي آلاء ربكما تكذبان ,<b>الرحمن 51</b>فبأي آلاء ربكما تكذبان ,<b>الرحمن 53</b>فبأي آلاء ربكما تكذبان ,<b>الرحمن 55</b>فبأي آلاء ربكما تكذبان ,<b>الرحمن 57</b>فبأي آلاء ربكما تكذبان ,<b>الرحمن 59</b>فبأي آلاء ربكما تكذبان ,<b>الرحمن 61</b>فبأي آلاء ربكما تكذبان ,<b>الرحمن 63</b>فبأي آلاء ربكما تكذبان ,<b>الرحمن 65</b>فبأي آلاء ربكما تكذبان ,<b>الرحمن 67</b>فبأي آلاء ربكما تكذبان ,<b>الرحمن 69</b>فبأي آلاء ربكما تكذبان ,<b>الرحمن 71</b>فبأي آلاء ربكما تكذبان ,<b>الرحمن 73</b>فبأي آلاء ربكما تكذبان ,<b>الرحمن 75</b>فبأي آلاء ربكما تكذبان ,<b>الرحمن 77</b>فبأي آلاء ربكما تكذبان "
4937,"<b>الرحمن 13</b>فبأي آلاء ربكما تكذبان ,<b>الرحمن 16</b>فبأي آلاء ربكما تكذبان ,<b>الرحمن 18</b>فبأي آلاء ربكما تكذبان ,<b>الرحمن 21</b>فبأي آلاء ربكما تكذبان ,<b>الرحمن 23</b>فبأي آلاء ربكما تكذبان ,<b>الرحمن 25</b>فبأي آلاء ربكما تكذبان ,<b>الرحمن 28</b>فبأي آلاء ربكما تكذبان ,<b>الرحمن 30</b>فبأي آلاء ربكما تكذبان ,<b>الرحمن 32</b>فبأي آلاء ربكما تكذبان ,<b>الرحمن 34</b>فبأي آلاء ربكما تكذبان ,<b>الرحمن 38</b>فبأي آلاء ربكما تكذبان ,<b>الرحمن 40</b>فبأي آلاء ربكما تكذبان ,<b>الرحمن 42</b>فبأي آلاء ربكما تكذبان ,<b>الرحمن 45</b>فبأي آلاء ربكما تكذبان ,<b>الرحمن 47</b>فبأي آلاء ربكما تكذبان ,<b>الرحمن 49</b>فبأي آلاء ربكما تكذبان ,<b>الرحمن 51</b>فبأي آلاء ربكما تكذبان ,<b>الرحمن 53</b>فبأي آلاء ربكما تكذبان ,<b>الرحمن 55</b>فبأي آلاء ربكما تكذبان ,<b>الرحمن 57</b>فبأي آلاء ربكما تكذبان ,<b>الرحمن 59</b>فبأي آلاء ربكما تكذبان ,<b>الرحمن 61</b>فبأي آلاء ربكما تكذبان ,<b>الرحمن 63</b>فبأي آلاء ربكما تكذبان ,<b>الرحمن 65</b>فبأي آلاء ربكما تكذبان ,<b>الرحمن 67</b>فبأي آلاء ربكما تكذبان ,<b>الرحمن 69</b>فبأي آلاء ربكما تكذبان ,<b>الرحمن 71</b>فبأي آلاء ربكما تكذبان ,<b>الرحمن 73</b>فبأي آلاء ربكما تكذبان ,<b>الرحمن 75</b>فبأي آلاء ربكما تكذبان ,<b>الرحمن 77</b>فبأي آلاء ربكما تكذبان "
4939,"<b>الرحمن 13</b>فبأي آلاء ربكما تكذبان ,<b>الرحمن 16</b>فبأي آلاء ربكما تكذبان ,<b>الرحمن 18</b>فبأي آلاء ربكما تكذبان ,<b>الرحمن 21</b>فبأي آلاء ربكما تكذبان ,<b>الرحمن 23</b>فبأي آلاء ربكما تكذبان ,<b>الرحمن 25</b>فبأي آلاء ربكما تكذبان ,<b>الرحمن 28</b>فبأي آلاء ربكما تكذبان ,<b>الرحمن 30</b>فبأي آلاء ربكما تكذبان ,<b>الرحمن 32</b>فبأي آلاء ربكما تكذبان ,<b>الرحمن 34</b>فبأي آلاء ربكما تكذبان ,<b>الرحمن 36</b>فبأي آلاء ربكما تكذبان ,<b>الرحمن 40</b>فبأي آلاء ربكما تكذبان ,<b>الرحمن 42</b>فبأي آلاء ربكما تكذبان ,<b>الرحمن 45</b>فبأي آلاء ربكما تكذبان ,<b>الرحمن 47</b>فبأي آلاء ربكما تكذبان ,<b>الرحمن 49</b>فبأي آلاء ربكما تكذبان ,<b>الرحمن 51</b>فبأي آلاء ربكما تكذبان ,<b>الرحمن 53</b>فبأي آلاء ربكما تكذبان ,<b>الرحمن 55</b>فبأي آلاء ربكما تكذبان ,<b>الرحمن 57</b>فبأي آلاء ربكما تكذبان ,<b>الرحمن 59</b>فبأي آلاء ربكما تكذبان ,<b>الرحمن 61</b>فبأي آلاء ربكما تكذبان ,<b>الرحمن 63</b>فبأي آلاء ربكما تكذبان ,<b>الرحمن 65</b>فبأي آلاء ربكما تكذبان ,<b>الرحمن 67</b>فبأي آلاء ربكما تكذبان ,<b>الرحمن 69</b>فبأي آلاء ربكما تكذبان ,<b>الرحمن 71</b>فبأي آلاء ربكما تكذبان ,<b>الرحمن 73</b>فبأي آلاء ربكما تكذبان ,<b>الرحمن 75</b>فبأي آلاء ربكما تكذبان ,<b>الرحمن 77</b>فبأي آلاء ربكما تكذبان "
4941,"<b>الرحمن 13</b>فبأي آلاء ربكما تكذبان ,<b>الرحمن 16</b>فبأي آلاء ربكما تكذبان ,<b>الرحمن 18</b>فبأي آلاء ربكما تكذبان ,<b>الرحمن 21</b>فبأي آلاء ربكما تكذبان ,<b>الرحمن 23</b>فبأي آلاء ربكما تكذبان ,<b>الرحمن 25</b>فبأي آلاء ربكما تكذبان ,<b>الرحمن 28</b>فبأي آلاء ربكما تكذبان ,<b>الرحمن 30</b>فبأي آلاء ربكما تكذبان ,<b>الرحمن 32</b>فبأي آلاء ربكما تكذبان ,<b>الرحمن 34</b>فبأي آلاء ربكما تكذبان ,<b>الرحمن 36</b>فبأي آلاء ربكما تكذبان ,<b>الرحمن 38</b>فبأي آلاء ربكما تكذبان ,<b>الرحمن 42</b>فبأي آلاء ربكما تكذبان ,<b>الرحمن 45</b>فبأي آلاء ربكما تكذبان ,<b>الرحمن 47</b>فبأي آلاء ربكما تكذبان ,<b>الرحمن 49</b>فبأي آلاء ربكما تكذبان ,<b>الرحمن 51</b>فبأي آلاء ربكما تكذبان ,<b>الرحمن 53</b>فبأي آلاء ربكما تكذبان ,<b>الرحمن 55</b>فبأي آلاء ربكما تكذبان ,<b>الرحمن 57</b>فبأي آلاء ربكما تكذبان ,<b>الرحمن 59</b>فبأي آلاء ربكما تكذبان ,<b>الرحمن 61</b>فبأي آلاء ربكما تكذبان ,<b>الرحمن 63</b>فبأي آلاء ربكما تكذبان ,<b>الرحمن 65</b>فبأي آلاء ربكما تكذبان ,<b>الرحمن 67</b>فبأي آلاء ربكما تكذبان ,<b>الرحمن 69</b>فبأي آلاء ربكما تكذبان ,<b>الرحمن 71</b>فبأي آلاء ربكما تكذبان ,<b>الرحمن 73</b>فبأي آلاء ربكما تكذبان ,<b>الرحمن 75</b>فبأي آلاء ربكما تكذبان ,<b>الرحمن 77</b>فبأي آلاء ربكما تكذبان "
4943,"<b>الرحمن 13</b>فبأي آلاء ربكما تكذبان ,<b>الرحمن 16</b>فبأي آلاء ربكما تكذبان ,<b>الرحمن 18</b>فبأي آلاء ربكما تكذبان ,<b>الرحمن 21</b>فبأي آلاء ربكما تكذبان ,<b>الرحمن 23</b>فبأي آلاء ربكما تكذبان ,<b>الرحمن 25</b>فبأي آلاء ربكما تكذبان ,<b>الرحمن 28</b>فبأي آلاء ربكما تكذبان ,<b>الرحمن 30</b>فبأي آلاء ربكما تكذبان ,<b>الرحمن 32</b>فبأي آلاء ربكما تكذبان ,<b>الرحمن 34</b>فبأي آلاء ربكما تكذبان ,<b>الرحمن 36</b>فبأي آلاء ربكما تكذبان ,<b>الرحمن 38</b>فبأي آلاء ربكما تكذبان ,<b>الرحمن 40</b>فبأي آلاء ربكما تكذبان ,<b>الرحمن 45</b>فبأي آلاء ربكما تكذبان ,<b>الرحمن 47</b>فبأي آلاء ربكما تكذبان ,<b>الرحمن 49</b>فبأي آلاء ربكما تكذبان ,<b>الرحمن 51</b>فبأي آلاء ربكما تكذبان ,<b>الرحمن 53</b>فبأي آلاء ربكما تكذبان ,<b>الرحمن 55</b>فبأي آلاء ربكما تكذبان ,<b>الرحمن 57</b>فبأي آلاء ربكما تكذبان ,<b>الرحمن 59</b>فبأي آلاء ربكما تكذبان ,<b>الرحمن 61</b>فبأي آلاء ربكما تكذبان ,<b>الرحمن 63</b>فبأي آلاء ربكما تكذبان ,<b>الرحمن 65</b>فبأي آلاء ربكما تكذبان ,<b>الرحمن 67</b>فبأي آلاء ربكما تكذبان ,<b>الرحمن 69</b>فبأي آلاء ربكما تكذبان ,<b>الرحمن 71</b>فبأي آلاء ربكما تكذبان ,<b>الرحمن 73</b>فبأي آلاء ربكما تكذبان ,<b>الرحمن 75</b>فبأي آلاء ربكما تكذبان ,<b>الرحمن 77</b>فبأي آلاء ربكما تكذبان "
4946,"<b>الرحمن 13</b>فبأي آلاء ربكما تكذبان ,<b>الرحمن 16</b>فبأي آلاء ربكما تكذبان ,<b>الرحمن 18</b>فبأي آلاء ربكما تكذبان ,<b>الرحمن 21</b>فبأي آلاء ربكما تكذبان ,<b>الرحمن 23</b>فبأي آلاء ربكما تكذبان ,<b>الرحمن 25</b>فبأي آلاء ربكما تكذبان ,<b>الرحمن 28</b>فبأي آلاء ربكما تكذبان ,<b>الرحمن 30</b>فبأي آلاء ربكما تكذبان ,<b>الرحمن 32</b>فبأي آلاء ربكما تكذبان ,<b>الرحمن 34</b>فبأي آلاء ربكما تكذبان ,<b>الرحمن 36</b>فبأي آلاء ربكما تكذبان ,<b>الرحمن 38</b>فبأي آلاء ربكما تكذبان ,<b>الرحمن 40</b>فبأي آلاء ربكما تكذبان ,<b>الرحمن 42</b>فبأي آلاء ربكما تكذبان ,<b>الرحمن 47</b>فبأي آلاء ربكما تكذبان ,<b>الرحمن 49</b>فبأي آلاء ربكما تكذبان ,<b>الرحمن 51</b>فبأي آلاء ربكما تكذبان ,<b>الرحمن 53</b>فبأي آلاء ربكما تكذبان ,<b>الرحمن 55</b>فبأي آلاء ربكما تكذبان ,<b>الرحمن 57</b>فبأي آلاء ربكما تكذبان ,<b>الرحمن 59</b>فبأي آلاء ربكما تكذبان ,<b>الرحمن 61</b>فبأي آلاء ربكما تكذبان ,<b>الرحمن 63</b>فبأي آلاء ربكما تكذبان ,<b>الرحمن 65</b>فبأي آلاء ربكما تكذبان ,<b>الرحمن 67</b>فبأي آلاء ربكما تكذبان ,<b>الرحمن 69</b>فبأي آلاء ربكما تكذبان ,<b>الرحمن 71</b>فبأي آلاء ربكما تكذبان ,<b>الرحمن 73</b>فبأي آلاء ربكما تكذبان ,<b>الرحمن 75</b>فبأي آلاء ربكما تكذبان ,<b>الرحمن 77</b>فبأي آلاء ربكما تكذبان "
4948,"<b>الرحمن 13</b>فبأي آلاء ربكما تكذبان ,<b>الرحمن 16</b>فبأي آلاء ربكما تكذبان ,<b>الرحمن 18</b>فبأي آلاء ربكما تكذبان ,<b>الرحمن 21</b>فبأي آلاء ربكما تكذبان ,<b>الرحمن 23</b>فبأي آلاء ربكما تكذبان ,<b>الرحمن 25</b>فبأي آلاء ربكما تكذبان ,<b>الرحمن 28</b>فبأي آلاء ربكما تكذبان ,<b>الرحمن 30</b>فبأي آلاء ربكما تكذبان ,<b>الرحمن 32</b>فبأي آلاء ربكما تكذبان ,<b>الرحمن 34</b>فبأي آلاء ربكما تكذبان ,<b>الرحمن 36</b>فبأي آلاء ربكما تكذبان ,<b>الرحمن 38</b>فبأي آلاء ربكما تكذبان ,<b>الرحمن 40</b>فبأي آلاء ربكما تكذبان ,<b>الرحمن 42</b>فبأي آلاء ربكما تكذبان ,<b>الرحمن 45</b>فبأي آلاء ربكما تكذبان ,<b>الرحمن 49</b>فبأي آلاء ربكما تكذبان ,<b>الرحمن 51</b>فبأي آلاء ربكما تكذبان ,<b>الرحمن 53</b>فبأي آلاء ربكما تكذبان ,<b>الرحمن 55</b>فبأي آلاء ربكما تكذبان ,<b>الرحمن 57</b>فبأي آلاء ربكما تكذبان ,<b>الرحمن 59</b>فبأي آلاء ربكما تكذبان ,<b>الرحمن 61</b>فبأي آلاء ربكما تكذبان ,<b>الرحمن 63</b>فبأي آلاء ربكما تكذبان ,<b>الرحمن 65</b>فبأي آلاء ربكما تكذبان ,<b>الرحمن 67</b>فبأي آلاء ربكما تكذبان ,<b>الرحمن 69</b>فبأي آلاء ربكما تكذبان ,<b>الرحمن 71</b>فبأي آلاء ربكما تكذبان ,<b>الرحمن 73</b>فبأي آلاء ربكما تكذبان ,<b>الرحمن 75</b>فبأي آلاء ربكما تكذبان ,<b>الرحمن 77</b>فبأي آلاء ربكما تكذبان "
4950,"<b>الرحمن 13</b>فبأي آلاء ربكما تكذبان ,<b>الرحمن 16</b>فبأي آلاء ربكما تكذبان ,<b>الرحمن 18</b>فبأي آلاء ربكما تكذبان ,<b>الرحمن 21</b>فبأي آلاء ربكما تكذبان ,<b>الرحمن 23</b>فبأي آلاء ربكما تكذبان ,<b>الرحمن 25</b>فبأي آلاء ربكما تكذبان ,<b>الرحمن 28</b>فبأي آلاء ربكما تكذبان ,<b>الرحمن 30</b>فبأي آلاء ربكما تكذبان ,<b>الرحمن 32</b>فبأي آلاء ربكما تكذبان ,<b>الرحمن 34</b>فبأي آلاء ربكما تكذبان ,<b>الرحمن 36</b>فبأي آلاء ربكما تكذبان ,<b>الرحمن 38</b>فبأي آلاء ربكما تكذبان ,<b>الرحمن 40</b>فبأي آلاء ربكما تكذبان ,<b>الرحمن 42</b>فبأي آلاء ربكما تكذبان ,<b>الرحمن 45</b>فبأي آلاء ربكما تكذبان ,<b>الرحمن 47</b>فبأي آلاء ربكما تكذبان ,<b>الرحمن 51</b>فبأي آلاء ربكما تكذبان ,<b>الرحمن 53</b>فبأي آلاء ربكما تكذبان ,<b>الرحمن 55</b>فبأي آلاء ربكما تكذبان ,<b>الرحمن 57</b>فبأي آلاء ربكما تكذبان ,<b>الرحمن 59</b>فبأي آلاء ربكما تكذبان ,<b>الرحمن 61</b>فبأي آلاء ربكما تكذبان ,<b>الرحمن 63</b>فبأي آلاء ربكما تكذبان ,<b>الرحمن 65</b>فبأي آلاء ربكما تكذبان ,<b>الرحمن 67</b>فبأي آلاء ربكما تكذبان ,<b>الرحمن 69</b>فبأي آلاء ربكما تكذبان ,<b>الرحمن 71</b>فبأي آلاء ربكما تكذبان ,<b>الرحمن 73</b>فبأي آلاء ربكما تكذبان ,<b>الرحمن 75</b>فبأي آلاء ربكما تكذبان ,<b>الرحمن 77</b>فبأي آلاء ربكما تكذبان "
4952,"<b>الرحمن 13</b>فبأي آلاء ربكما تكذبان ,<b>الرحمن 16</b>فبأي آلاء ربكما تكذبان ,<b>الرحمن 18</b>فبأي آلاء ربكما تكذبان ,<b>الرحمن 21</b>فبأي آلاء ربكما تكذبان ,<b>الرحمن 23</b>فبأي آلاء ربكما تكذبان ,<b>الرحمن 25</b>فبأي آلاء ربكما تكذبان ,<b>الرحمن 28</b>فبأي آلاء ربكما تكذبان ,<b>الرحمن 30</b>فبأي آلاء ربكما تكذبان ,<b>الرحمن 32</b>فبأي آلاء ربكما تكذبان ,<b>الرحمن 34</b>فبأي آلاء ربكما تكذبان ,<b>الرحمن 36</b>فبأي آلاء ربكما تكذبان ,<b>الرحمن 38</b>فبأي آلاء ربكما تكذبان ,<b>الرحمن 40</b>فبأي آلاء ربكما تكذبان ,<b>الرحمن 42</b>فبأي آلاء ربكما تكذبان ,<b>الرحمن 45</b>فبأي آلاء ربكما تكذبان ,<b>الرحمن 47</b>فبأي آلاء ربكما تكذبان ,<b>الرحمن 49</b>فبأي آلاء ربكما تكذبان ,<b>الرحمن 53</b>فبأي آلاء ربكما تكذبان ,<b>الرحمن 55</b>فبأي آلاء ربكما تكذبان ,<b>الرحمن 57</b>فبأي آلاء ربكما تكذبان ,<b>الرحمن 59</b>فبأي آلاء ربكما تكذبان ,<b>الرحمن 61</b>فبأي آلاء ربكما تكذبان ,<b>الرحمن 63</b>فبأي آلاء ربكما تكذبان ,<b>الرحمن 65</b>فبأي آلاء ربكما تكذبان ,<b>الرحمن 67</b>فبأي آلاء ربكما تكذبان ,<b>الرحمن 69</b>فبأي آلاء ربكما تكذبان ,<b>الرحمن 71</b>فبأي آلاء ربكما تكذبان ,<b>الرحمن 73</b>فبأي آلاء ربكما تكذبان ,<b>الرحمن 75</b>فبأي آلاء ربكما تكذبان ,<b>الرحمن 77</b>فبأي آلاء ربكما تكذبان "
4954,"<b>الرحمن 13</b>فبأي آلاء ربكما تكذبان ,<b>الرحمن 16</b>فبأي آلاء ربكما تكذبان ,<b>الرحمن 18</b>فبأي آلاء ربكما تكذبان ,<b>الرحمن 21</b>فبأي آلاء ربكما تكذبان ,<b>الرحمن 23</b>فبأي آلاء ربكما تكذبان ,<b>الرحمن 25</b>فبأي آلاء ربكما تكذبان ,<b>الرحمن 28</b>فبأي آلاء ربكما تكذبان ,<b>الرحمن 30</b>فبأي آلاء ربكما تكذبان ,<b>الرحمن 32</b>فبأي آلاء ربكما تكذبان ,<b>الرحمن 34</b>فبأي آلاء ربكما تكذبان ,<b>الرحمن 36</b>فبأي آلاء ربكما تكذبان ,<b>الرحمن 38</b>فبأي آلاء ربكما تكذبان ,<b>الرحمن 40</b>فبأي آلاء ربكما تكذبان ,<b>الرحمن 42</b>فبأي آلاء ربكما تكذبان ,<b>الرحمن 45</b>فبأي آلاء ربكما تكذبان ,<b>الرحمن 47</b>فبأي آلاء ربكما تكذبان ,<b>الرحمن 49</b>فبأي آلاء ربكما تكذبان ,<b>الرحمن 51</b>فبأي آلاء ربكما تكذبان ,<b>الرحمن 55</b>فبأي آلاء ربكما تكذبان ,<b>الرحمن 57</b>فبأي آلاء ربكما تكذبان ,<b>الرحمن 59</b>فبأي آلاء ربكما تكذبان ,<b>الرحمن 61</b>فبأي آلاء ربكما تكذبان ,<b>الرحمن 63</b>فبأي آلاء ربكما تكذبان ,<b>الرحمن 65</b>فبأي آلاء ربكما تكذبان ,<b>الرحمن 67</b>فبأي آلاء ربكما تكذبان ,<b>الرحمن 69</b>فبأي آلاء ربكما تكذبان ,<b>الرحمن 71</b>فبأي آلاء ربكما تكذبان ,<b>الرحمن 73</b>فبأي آلاء ربكما تكذبان ,<b>الرحمن 75</b>فبأي آلاء ربكما تكذبان ,<b>الرحمن 77</b>فبأي آلاء ربكما تكذبان "
4956,"<b>الرحمن 13</b>فبأي آلاء ربكما تكذبان ,<b>الرحمن 16</b>فبأي آلاء ربكما تكذبان ,<b>الرحمن 18</b>فبأي آلاء ربكما تكذبان ,<b>الرحمن 21</b>فبأي آلاء ربكما تكذبان ,<b>الرحمن 23</b>فبأي آلاء ربكما تكذبان ,<b>الرحمن 25</b>فبأي آلاء ربكما تكذبان ,<b>الرحمن 28</b>فبأي آلاء ربكما تكذبان ,<b>الرحمن 30</b>فبأي آلاء ربكما تكذبان ,<b>الرحمن 32</b>فبأي آلاء ربكما تكذبان ,<b>الرحمن 34</b>فبأي آلاء ربكما تكذبان ,<b>الرحمن 36</b>فبأي آلاء ربكما تكذبان ,<b>الرحمن 38</b>فبأي آلاء ربكما تكذبان ,<b>الرحمن 40</b>فبأي آلاء ربكما تكذبان ,<b>الرحمن 42</b>فبأي آلاء ربكما تكذبان ,<b>الرحمن 45</b>فبأي آلاء ربكما تكذبان ,<b>الرحمن 47</b>فبأي آلاء ربكما تكذبان ,<b>الرحمن 49</b>فبأي آلاء ربكما تكذبان ,<b>الرحمن 51</b>فبأي آلاء ربكما تكذبان ,<b>الرحمن 53</b>فبأي آلاء ربكما تكذبان ,<b>الرحمن 57</b>فبأي آلاء ربكما تكذبان ,<b>الرحمن 59</b>فبأي آلاء ربكما تكذبان ,<b>الرحمن 61</b>فبأي آلاء ربكما تكذبان ,<b>الرحمن 63</b>فبأي آلاء ربكما تكذبان ,<b>الرحمن 65</b>فبأي آلاء ربكما تكذبان ,<b>الرحمن 67</b>فبأي آلاء ربكما تكذبان ,<b>الرحمن 69</b>فبأي آلاء ربكما تكذبان ,<b>الرحمن 71</b>فبأي آلاء ربكما تكذبان ,<b>الرحمن 73</b>فبأي آلاء ربكما تكذبان ,<b>الرحمن 75</b>فبأي آلاء ربكما تكذبان ,<b>الرحمن 77</b>فبأي آلاء ربكما تكذبان "
4957,<b>الرحمن 74</b>لم يطمثهن إنس قبلهم ولا جان 
4958,"<b>الرحمن 13</b>فبأي آلاء ربكما تكذبان ,<b>الرحمن 16</b>فبأي آلاء ربكما تكذبان ,<b>الرحمن 18</b>فبأي آلاء ربكما تكذبان ,<b>الرحمن 21</b>فبأي آلاء ربكما تكذبان ,<b>الرحمن 23</b>فبأي آلاء ربكما تكذبان ,<b>الرحمن 25</b>فبأي آلاء ربكما تكذبان ,<b>الرحمن 28</b>فبأي آلاء ربكما تكذبان ,<b>الرحمن 30</b>فبأي آلاء ربكما تكذبان ,<b>الرحمن 32</b>فبأي آلاء ربكما تكذبان ,<b>الرحمن 34</b>فبأي آلاء ربكما تكذبان ,<b>الرحمن 36</b>فبأي آلاء ربكما تكذبان ,<b>الرحمن 38</b>فبأي آلاء ربكما تكذبان ,<b>الرحمن 40</b>فبأي آلاء ربكما تكذبان ,<b>الرحمن 42</b>فبأي آلاء ربكما تكذبان ,<b>الرحمن 45</b>فبأي آلاء ربكما تكذبان ,<b>الرحمن 47</b>فبأي آلاء ربكما تكذبان ,<b>الرحمن 49</b>فبأي آلاء ربكما تكذبان ,<b>الرحمن 51</b>فبأي آلاء ربكما تكذبان ,<b>الرحمن 53</b>فبأي آلاء ربكما تكذبان ,<b>الرحمن 55</b>فبأي آلاء ربكما تكذبان ,<b>الرحمن 59</b>فبأي آلاء ربكما تكذبان ,<b>الرحمن 61</b>فبأي آلاء ربكما تكذبان ,<b>الرحمن 63</b>فبأي آلاء ربكما تكذبان ,<b>الرحمن 65</b>فبأي آلاء ربكما تكذبان ,<b>الرحمن 67</b>فبأي آلاء ربكما تكذبان ,<b>الرحمن 69</b>فبأي آلاء ربكما تكذبان ,<b>الرحمن 71</b>فبأي آلاء ربكما تكذبان ,<b>الرحمن 73</b>فبأي آلاء ربكما تكذبان ,<b>الرحمن 75</b>فبأي آلاء ربكما تكذبان ,<b>الرحمن 77</b>فبأي آلاء ربكما تكذبان "
4960,"<b>الرحمن 13</b>فبأي آلاء ربكما تكذبان ,<b>الرحمن 16</b>فبأي آلاء ربكما تكذبان ,<b>الرحمن 18</b>فبأي آلاء ربكما تكذبان ,<b>الرحمن 21</b>فبأي آلاء ربكما تكذبان ,<b>الرحمن 23</b>فبأي آلاء ربكما تكذبان ,<b>الرحمن 25</b>فبأي آلاء ربكما تكذبان ,<b>الرحمن 28</b>فبأي آلاء ربكما تكذبان ,<b>الرحمن 30</b>فبأي آلاء ربكما تكذبان ,<b>الرحمن 32</b>فبأي آلاء ربكما تكذبان ,<b>الرحمن 34</b>فبأي آلاء ربكما تكذبان ,<b>الرحمن 36</b>فبأي آلاء ربكما تكذبان ,<b>الرحمن 38</b>فبأي آلاء ربكما تكذبان ,<b>الرحمن 40</b>فبأي آلاء ربكما تكذبان ,<b>الرحمن 42</b>فبأي آلاء ربكما تكذبان ,<b>الرحمن 45</b>فبأي آلاء ربكما تكذبان ,<b>الرحمن 47</b>فبأي آلاء ربكما تكذبان ,<b>الرحمن 49</b>فبأي آلاء ربكما تكذبان ,<b>الرحمن 51</b>فبأي آلاء ربكما تكذبان ,<b>الرحمن 53</b>فبأي آلاء ربكما تكذبان ,<b>الرحمن 55</b>فبأي آلاء ربكما تكذبان ,<b>الرحمن 57</b>فبأي آلاء ربكما تكذبان ,<b>الرحمن 61</b>فبأي آلاء ربكما تكذبان ,<b>الرحمن 63</b>فبأي آلاء ربكما تكذبان ,<b>الرحمن 65</b>فبأي آلاء ربكما تكذبان ,<b>الرحمن 67</b>فبأي آلاء ربكما تكذبان ,<b>الرحمن 69</b>فبأي آلاء ربكما تكذبان ,<b>الرحمن 71</b>فبأي آلاء ربكما تكذبان ,<b>الرحمن 73</b>فبأي آلاء ربكما تكذبان ,<b>الرحمن 75</b>فبأي آلاء ربكما تكذبان ,<b>الرحمن 77</b>فبأي آلاء ربكما تكذبان "
4962,"<b>الرحمن 13</b>فبأي آلاء ربكما تكذبان ,<b>الرحمن 16</b>فبأي آلاء ربكما تكذبان ,<b>الرحمن 18</b>فبأي آلاء ربكما تكذبان ,<b>الرحمن 21</b>فبأي آلاء ربكما تكذبان ,<b>الرحمن 23</b>فبأي آلاء ربكما تكذبان ,<b>الرحمن 25</b>فبأي آلاء ربكما تكذبان ,<b>الرحمن 28</b>فبأي آلاء ربكما تكذبان ,<b>الرحمن 30</b>فبأي آلاء ربكما تكذبان ,<b>الرحمن 32</b>فبأي آلاء ربكما تكذبان ,<b>الرحمن 34</b>فبأي آلاء ربكما تكذبان ,<b>الرحمن 36</b>فبأي آلاء ربكما تكذبان ,<b>الرحمن 38</b>فبأي آلاء ربكما تكذبان ,<b>الرحمن 40</b>فبأي آلاء ربكما تكذبان ,<b>الرحمن 42</b>فبأي آلاء ربكما تكذبان ,<b>الرحمن 45</b>فبأي آلاء ربكما تكذبان ,<b>الرحمن 47</b>فبأي آلاء ربكما تكذبان ,<b>الرحمن 49</b>فبأي آلاء ربكما تكذبان ,<b>الرحمن 51</b>فبأي آلاء ربكما تكذبان ,<b>الرحمن 53</b>فبأي آلاء ربكما تكذبان ,<b>الرحمن 55</b>فبأي آلاء ربكما تكذبان ,<b>الرحمن 57</b>فبأي آلاء ربكما تكذبان ,<b>الرحمن 59</b>فبأي آلاء ربكما تكذبان ,<b>الرحمن 63</b>فبأي آلاء ربكما تكذبان ,<b>الرحمن 65</b>فبأي آلاء ربكما تكذبان ,<b>الرحمن 67</b>فبأي آلاء ربكما تكذبان ,<b>الرحمن 69</b>فبأي آلاء ربكما تكذبان ,<b>الرحمن 71</b>فبأي آلاء ربكما تكذبان ,<b>الرحمن 73</b>فبأي آلاء ربكما تكذبان ,<b>الرحمن 75</b>فبأي آلاء ربكما تكذبان ,<b>الرحمن 77</b>فبأي آلاء ربكما تكذبان "
4964,"<b>الرحمن 13</b>فبأي آلاء ربكما تكذبان ,<b>الرحمن 16</b>فبأي آلاء ربكما تكذبان ,<b>الرحمن 18</b>فبأي آلاء ربكما تكذبان ,<b>الرحمن 21</b>فبأي آلاء ربكما تكذبان ,<b>الرحمن 23</b>فبأي آلاء ربكما تكذبان ,<b>الرحمن 25</b>فبأي آلاء ربكما تكذبان ,<b>الرحمن 28</b>فبأي آلاء ربكما تكذبان ,<b>الرحمن 30</b>فبأي آلاء ربكما تكذبان ,<b>الرحمن 32</b>فبأي آلاء ربكما تكذبان ,<b>الرحمن 34</b>فبأي آلاء ربكما تكذبان ,<b>الرحمن 36</b>فبأي آلاء ربكما تكذبان ,<b>الرحمن 38</b>فبأي آلاء ربكما تكذبان ,<b>الرحمن 40</b>فبأي آلاء ربكما تكذبان ,<b>الرحمن 42</b>فبأي آلاء ربكما تكذبان ,<b>الرحمن 45</b>فبأي آلاء ربكما تكذبان ,<b>الرحمن 47</b>فبأي آلاء ربكما تكذبان ,<b>الرحمن 49</b>فبأي آلاء ربكما تكذبان ,<b>الرحمن 51</b>فبأي آلاء ربكما تكذبان ,<b>الرحمن 53</b>فبأي آلاء ربكما تكذبان ,<b>الرحمن 55</b>فبأي آلاء ربكما تكذبان ,<b>الرحمن 57</b>فبأي آلاء ربكما تكذبان ,<b>الرحمن 59</b>فبأي آلاء ربكما تكذبان ,<b>الرحمن 61</b>فبأي آلاء ربكما تكذبان ,<b>الرحمن 65</b>فبأي آلاء ربكما تكذبان ,<b>الرحمن 67</b>فبأي آلاء ربكما تكذبان ,<b>الرحمن 69</b>فبأي آلاء ربكما تكذبان ,<b>الرحمن 71</b>فبأي آلاء ربكما تكذبان ,<b>الرحمن 73</b>فبأي آلاء ربكما تكذبان ,<b>الرحمن 75</b>فبأي آلاء ربكما تكذبان ,<b>الرحمن 77</b>فبأي آلاء ربكما تكذبان "
4966,"<b>الرحمن 13</b>فبأي آلاء ربكما تكذبان ,<b>الرحمن 16</b>فبأي آلاء ربكما تكذبان ,<b>الرحمن 18</b>فبأي آلاء ربكما تكذبان ,<b>الرحمن 21</b>فبأي آلاء ربكما تكذبان ,<b>الرحمن 23</b>فبأي آلاء ربكما تكذبان ,<b>الرحمن 25</b>فبأي آلاء ربكما تكذبان ,<b>الرحمن 28</b>فبأي آلاء ربكما تكذبان ,<b>الرحمن 30</b>فبأي آلاء ربكما تكذبان ,<b>الرحمن 32</b>فبأي آلاء ربكما تكذبان ,<b>الرحمن 34</b>فبأي آلاء ربكما تكذبان ,<b>الرحمن 36</b>فبأي آلاء ربكما تكذبان ,<b>الرحمن 38</b>فبأي آلاء ربكما تكذبان ,<b>الرحمن 40</b>فبأي آلاء ربكما تكذبان ,<b>الرحمن 42</b>فبأي آلاء ربكما تكذبان ,<b>الرحمن 45</b>فبأي آلاء ربكما تكذبان ,<b>الرحمن 47</b>فبأي آلاء ربكما تكذبان ,<b>الرحمن 49</b>فبأي آلاء ربكما تكذبان ,<b>الرحمن 51</b>فبأي آلاء ربكما تكذبان ,<b>الرحمن 53</b>فبأي آلاء ربكما تكذبان ,<b>الرحمن 55</b>فبأي آلاء ربكما تكذبان ,<b>الرحمن 57</b>فبأي آلاء ربكما تكذبان ,<b>الرحمن 59</b>فبأي آلاء ربكما تكذبان ,<b>الرحمن 61</b>فبأي آلاء ربكما تكذبان ,<b>الرحمن 63</b>فبأي آلاء ربكما تكذبان ,<b>الرحمن 67</b>فبأي آلاء ربكما تكذبان ,<b>الرحمن 69</b>فبأي آلاء ربكما تكذبان ,<b>الرحمن 71</b>فبأي آلاء ربكما تكذبان ,<b>الرحمن 73</b>فبأي آلاء ربكما تكذبان ,<b>الرحمن 75</b>فبأي آلاء ربكما تكذبان ,<b>الرحمن 77</b>فبأي آلاء ربكما تكذبان "
4968,"<b>الرحمن 13</b>فبأي آلاء ربكما تكذبان ,<b>الرحمن 16</b>فبأي آلاء ربكما تكذبان ,<b>الرحمن 18</b>فبأي آلاء ربكما تكذبان ,<b>الرحمن 21</b>فبأي آلاء ربكما تكذبان ,<b>الرحمن 23</b>فبأي آلاء ربكما تكذبان ,<b>الرحمن 25</b>فبأي آلاء ربكما تكذبان ,<b>الرحمن 28</b>فبأي آلاء ربكما تكذبان ,<b>الرحمن 30</b>فبأي آلاء ربكما تكذبان ,<b>الرحمن 32</b>فبأي آلاء ربكما تكذبان ,<b>الرحمن 34</b>فبأي آلاء ربكما تكذبان ,<b>الرحمن 36</b>فبأي آلاء ربكما تكذبان ,<b>الرحمن 38</b>فبأي آلاء ربكما تكذبان ,<b>الرحمن 40</b>فبأي آلاء ربكما تكذبان ,<b>الرحمن 42</b>فبأي آلاء ربكما تكذبان ,<b>الرحمن 45</b>فبأي آلاء ربكما تكذبان ,<b>الرحمن 47</b>فبأي آلاء ربكما تكذبان ,<b>الرحمن 49</b>فبأي آلاء ربكما تكذبان ,<b>الرحمن 51</b>فبأي آلاء ربكما تكذبان ,<b>الرحمن 53</b>فبأي آلاء ربكما تكذبان ,<b>الرحمن 55</b>فبأي آلاء ربكما تكذبان ,<b>الرحمن 57</b>فبأي آلاء ربكما تكذبان ,<b>الرحمن 59</b>فبأي آلاء ربكما تكذبان ,<b>الرحمن 61</b>فبأي آلاء ربكما تكذبان ,<b>الرحمن 63</b>فبأي آلاء ربكما تكذبان ,<b>الرحمن 65</b>فبأي آلاء ربكما تكذبان ,<b>الرحمن 69</b>فبأي آلاء ربكما تكذبان ,<b>الرحمن 71</b>فبأي آلاء ربكما تكذبان ,<b>الرحمن 73</b>فبأي آلاء ربكما تكذبان ,<b>الرحمن 75</b>فبأي آلاء ربكما تكذبان ,<b>الرحمن 77</b>فبأي آلاء ربكما تكذبان "
4970,"<b>الرحمن 13</b>فبأي آلاء ربكما تكذبان ,<b>الرحمن 16</b>فبأي آلاء ربكما تكذبان ,<b>الرحمن 18</b>فبأي آلاء ربكما تكذبان ,<b>الرحمن 21</b>فبأي آلاء ربكما تكذبان ,<b>الرحمن 23</b>فبأي آلاء ربكما تكذبان ,<b>الرحمن 25</b>فبأي آلاء ربكما تكذبان ,<b>الرحمن 28</b>فبأي آلاء ربكما تكذبان ,<b>الرحمن 30</b>فبأي آلاء ربكما تكذبان ,<b>الرحمن 32</b>فبأي آلاء ربكما تكذبان ,<b>الرحمن 34</b>فبأي آلاء ربكما تكذبان ,<b>الرحمن 36</b>فبأي آلاء ربكما تكذبان ,<b>الرحمن 38</b>فبأي آلاء ربكما تكذبان ,<b>الرحمن 40</b>فبأي آلاء ربكما تكذبان ,<b>الرحمن 42</b>فبأي آلاء ربكما تكذبان ,<b>الرحمن 45</b>فبأي آلاء ربكما تكذبان ,<b>الرحمن 47</b>فبأي آلاء ربكما تكذبان ,<b>الرحمن 49</b>فبأي آلاء ربكما تكذبان ,<b>الرحمن 51</b>فبأي آلاء ربكما تكذبان ,<b>الرحمن 53</b>فبأي آلاء ربكما تكذبان ,<b>الرحمن 55</b>فبأي آلاء ربكما تكذبان ,<b>الرحمن 57</b>فبأي آلاء ربكما تكذبان ,<b>الرحمن 59</b>فبأي آلاء ربكما تكذبان ,<b>الرحمن 61</b>فبأي آلاء ربكما تكذبان ,<b>الرحمن 63</b>فبأي آلاء ربكما تكذبان ,<b>الرحمن 65</b>فبأي آلاء ربكما تكذبان ,<b>الرحمن 67</b>فبأي آلاء ربكما تكذبان ,<b>الرحمن 71</b>فبأي آلاء ربكما تكذبان ,<b>الرحمن 73</b>فبأي آلاء ربكما تكذبان ,<b>الرحمن 75</b>فبأي آلاء ربكما تكذبان ,<b>الرحمن 77</b>فبأي آلاء ربكما تكذبان "
4972,"<b>الرحمن 13</b>فبأي آلاء ربكما تكذبان ,<b>الرحمن 16</b>فبأي آلاء ربكما تكذبان ,<b>الرحمن 18</b>فبأي آلاء ربكما تكذبان ,<b>الرحمن 21</b>فبأي آلاء ربكما تكذبان ,<b>الرحمن 23</b>فبأي آلاء ربكما تكذبان ,<b>الرحمن 25</b>فبأي آلاء ربكما تكذبان ,<b>الرحمن 28</b>فبأي آلاء ربكما تكذبان ,<b>الرحمن 30</b>فبأي آلاء ربكما تكذبان ,<b>الرحمن 32</b>فبأي آلاء ربكما تكذبان ,<b>الرحمن 34</b>فبأي آلاء ربكما تكذبان ,<b>الرحمن 36</b>فبأي آلاء ربكما تكذبان ,<b>الرحمن 38</b>فبأي آلاء ربكما تكذبان ,<b>الرحمن 40</b>فبأي آلاء ربكما تكذبان ,<b>الرحمن 42</b>فبأي آلاء ربكما تكذبان ,<b>الرحمن 45</b>فبأي آلاء ربكما تكذبان ,<b>الرحمن 47</b>فبأي آلاء ربكما تكذبان ,<b>الرحمن 49</b>فبأي آلاء ربكما تكذبان ,<b>الرحمن 51</b>فبأي آلاء ربكما تكذبان ,<b>الرحمن 53</b>فبأي آلاء ربكما تكذبان ,<b>الرحمن 55</b>فبأي آلاء ربكما تكذبان ,<b>الرحمن 57</b>فبأي آلاء ربكما تكذبان ,<b>الرحمن 59</b>فبأي آلاء ربكما تكذبان ,<b>الرحمن 61</b>فبأي آلاء ربكما تكذبان ,<b>الرحمن 63</b>فبأي آلاء ربكما تكذبان ,<b>الرحمن 65</b>فبأي آلاء ربكما تكذبان ,<b>الرحمن 67</b>فبأي آلاء ربكما تكذبان ,<b>الرحمن 69</b>فبأي آلاء ربكما تكذبان ,<b>الرحمن 73</b>فبأي آلاء ربكما تكذبان ,<b>الرحمن 75</b>فبأي آلاء ربكما تكذبان ,<b>الرحمن 77</b>فبأي آلاء ربكما تكذبان "
4974,"<b>الرحمن 13</b>فبأي آلاء ربكما تكذبان ,<b>الرحمن 16</b>فبأي آلاء ربكما تكذبان ,<b>الرحمن 18</b>فبأي آلاء ربكما تكذبان ,<b>الرحمن 21</b>فبأي آلاء ربكما تكذبان ,<b>الرحمن 23</b>فبأي آلاء ربكما تكذبان ,<b>الرحمن 25</b>فبأي آلاء ربكما تكذبان ,<b>الرحمن 28</b>فبأي آلاء ربكما تكذبان ,<b>الرحمن 30</b>فبأي آلاء ربكما تكذبان ,<b>الرحمن 32</b>فبأي آلاء ربكما تكذبان ,<b>الرحمن 34</b>فبأي آلاء ربكما تكذبان ,<b>الرحمن 36</b>فبأي آلاء ربكما تكذبان ,<b>الرحمن 38</b>فبأي آلاء ربكما تكذبان ,<b>الرحمن 40</b>فبأي آلاء ربكما تكذبان ,<b>الرحمن 42</b>فبأي آلاء ربكما تكذبان ,<b>الرحمن 45</b>فبأي آلاء ربكما تكذبان ,<b>الرحمن 47</b>فبأي آلاء ربكما تكذبان ,<b>الرحمن 49</b>فبأي آلاء ربكما تكذبان ,<b>الرحمن 51</b>فبأي آلاء ربكما تكذبان ,<b>الرحمن 53</b>فبأي آلاء ربكما تكذبان ,<b>الرحمن 55</b>فبأي آلاء ربكما تكذبان ,<b>الرحمن 57</b>فبأي آلاء ربكما تكذبان ,<b>الرحمن 59</b>فبأي آلاء ربكما تكذبان ,<b>الرحمن 61</b>فبأي آلاء ربكما تكذبان ,<b>الرحمن 63</b>فبأي آلاء ربكما تكذبان ,<b>الرحمن 65</b>فبأي آلاء ربكما تكذبان ,<b>الرحمن 67</b>فبأي آلاء ربكما تكذبان ,<b>الرحمن 69</b>فبأي آلاء ربكما تكذبان ,<b>الرحمن 71</b>فبأي آلاء ربكما تكذبان ,<b>الرحمن 75</b>فبأي آلاء ربكما تكذبان ,<b>الرحمن 77</b>فبأي آلاء ربكما تكذبان "
4975,<b>الرحمن 56</b>فيهن قاصرات الطرف لم يطمثهن إنس قبلهم ولا جان 
4976,"<b>الرحمن 13</b>فبأي آلاء ربكما تكذبان ,<b>الرحمن 16</b>فبأي آلاء ربكما تكذبان ,<b>الرحمن 18</b>فبأي آلاء ربكما تكذبان ,<b>الرحمن 21</b>فبأي آلاء ربكما تكذبان ,<b>الرحمن 23</b>فبأي آلاء ربكما تكذبان ,<b>الرحمن 25</b>فبأي آلاء ربكما تكذبان ,<b>الرحمن 28</b>فبأي آلاء ربكما تكذبان ,<b>الرحمن 30</b>فبأي آلاء ربكما تكذبان ,<b>الرحمن 32</b>فبأي آلاء ربكما تكذبان ,<b>الرحمن 34</b>فبأي آلاء ربكما تكذبان ,<b>الرحمن 36</b>فبأي آلاء ربكما تكذبان ,<b>الرحمن 38</b>فبأي آلاء ربكما تكذبان ,<b>الرحمن 40</b>فبأي آلاء ربكما تكذبان ,<b>الرحمن 42</b>فبأي آلاء ربكما تكذبان ,<b>الرحمن 45</b>فبأي آلاء ربكما تكذبان ,<b>الرحمن 47</b>فبأي آلاء ربكما تكذبان ,<b>الرحمن 49</b>فبأي آلاء ربكما تكذبان ,<b>الرحمن 51</b>فبأي آلاء ربكما تكذبان ,<b>الرحمن 53</b>فبأي آلاء ربكما تكذبان ,<b>الرحمن 55</b>فبأي آلاء ربكما تكذبان ,<b>الرحمن 57</b>فبأي آلاء ربكما تكذبان ,<b>الرحمن 59</b>فبأي آلاء ربكما تكذبان ,<b>الرحمن 61</b>فبأي آلاء ربكما تكذبان ,<b>الرحمن 63</b>فبأي آلاء ربكما تكذبان ,<b>الرحمن 65</b>فبأي آلاء ربكما تكذبان ,<b>الرحمن 67</b>فبأي آلاء ربكما تكذبان ,<b>الرحمن 69</b>فبأي آلاء ربكما تكذبان ,<b>الرحمن 71</b>فبأي آلاء ربكما تكذبان ,<b>الرحمن 73</b>فبأي آلاء ربكما تكذبان ,<b>الرحمن 77</b>فبأي آلاء ربكما تكذبان "
4978,"<b>الرحمن 13</b>فبأي آلاء ربكما تكذبان ,<b>الرحمن 16</b>فبأي آلاء ربكما تكذبان ,<b>الرحمن 18</b>فبأي آلاء ربكما تكذبان ,<b>الرحمن 21</b>فبأي آلاء ربكما تكذبان ,<b>الرحمن 23</b>فبأي آلاء ربكما تكذبان ,<b>الرحمن 25</b>فبأي آلاء ربكما تكذبان ,<b>الرحمن 28</b>فبأي آلاء ربكما تكذبان ,<b>الرحمن 30</b>فبأي آلاء ربكما تكذبان ,<b>الرحمن 32</b>فبأي آلاء ربكما تكذبان ,<b>الرحمن 34</b>فبأي آلاء ربكما تكذبان ,<b>الرحمن 36</b>فبأي آلاء ربكما تكذبان ,<b>الرحمن 38</b>فبأي آلاء ربكما تكذبان ,<b>الرحمن 40</b>فبأي آلاء ربكما تكذبان ,<b>الرحمن 42</b>فبأي آلاء ربكما تكذبان ,<b>الرحمن 45</b>فبأي آلاء ربكما تكذبان ,<b>الرحمن 47</b>فبأي آلاء ربكما تكذبان ,<b>الرحمن 49</b>فبأي آلاء ربكما تكذبان ,<b>الرحمن 51</b>فبأي آلاء ربكما تكذبان ,<b>الرحمن 53</b>فبأي آلاء ربكما تكذبان ,<b>الرحمن 55</b>فبأي آلاء ربكما تكذبان ,<b>الرحمن 57</b>فبأي آلاء ربكما تكذبان ,<b>الرحمن 59</b>فبأي آلاء ربكما تكذبان ,<b>الرحمن 61</b>فبأي آلاء ربكما تكذبان ,<b>الرحمن 63</b>فبأي آلاء ربكما تكذبان ,<b>الرحمن 65</b>فبأي آلاء ربكما تكذبان ,<b>الرحمن 67</b>فبأي آلاء ربكما تكذبان ,<b>الرحمن 69</b>فبأي آلاء ربكما تكذبان ,<b>الرحمن 71</b>فبأي آلاء ربكما تكذبان ,<b>الرحمن 73</b>فبأي آلاء ربكما تكذبان ,<b>الرحمن 75</b>فبأي آلاء ربكما تكذبان "
4991,<b>الصافات 43</b>في جنات النعيم 
4992,<b>الواقعة 39</b>ثلة من الأولين 
5004,<b>النبأ 35</b>لا يسمعون فيها لغوا ولا كذابا 
5018,<b>الواقعة 13</b>ثلة من الأولين 
5027,<b>الصافات 17</b>أوآباؤنا الأولون 
5032,<b>الصافات 66</b>فإنهم لآكلون منها فمالئون منها البطون 
5046,<b>القلم 27</b>بل نحن محرومون 
5053,"<b>الواقعة 96</b>فسبح باسم ربك العظيم ,<b>الحاقة 52</b>فسبح باسم ربك العظيم "
5059,<b>الحاقة 43</b>تنزيل من رب العالمين 
5075,"<b>الواقعة 74</b>فسبح باسم ربك العظيم ,<b>الحاقة 52</b>فسبح باسم ربك العظيم "
5121,<b>آل عمران 116</b>إن الذين كفروا لن تغني عنهم أموالهم ولا أولادهم من الله شيئا وأولئك أصحاب النار هم فيها خالدون 
5130,<b>الأنفال 13</b>ذلك بأنهم شاقوا الله ورسوله ومن يشاقق الله ورسوله فإن الله شديد العقاب 
5172,<b>التوبة 33</b>هو الذي أرسل رسوله بالهدى ودين الحق ليظهره على الدين كله ولو كره المشركون 
5211,<b>المائدة 92</b>وأطيعوا الله وأطيعوا الرسول واحذروا فإن توليتم فاعلموا أنما على رسولنا البلاغ المبين 
5238,<b>التوبة 73</b>يا أيها النبي جاهد الكفار والمنافقين واغلظ عليهم ومأواهم جهنم وبئس المصير 
5266,"<b>يونس 48</b>ويقولون متى هذا الوعد إن كنتم صادقين ,<b>الأنبياء 38</b>ويقولون متى هذا الوعد إن كنتم صادقين ,<b>النمل 71</b>ويقولون متى هذا الوعد إن كنتم صادقين ,<b>السجدة 28</b>ويقولون متى هذا الفتح إن كنتم صادقين ,<b>سبأ 29</b>ويقولون متى هذا الوعد إن كنتم صادقين ,<b>يس 48</b>ويقولون متى هذا الوعد إن كنتم صادقين "
5278,<b>الأنعام 117</b>إن ربك هو أعلم من يضل عن سبيله وهو أعلم بالمهتدين 
5286,<b>المطففين 13</b>إذا تتلى عليه آياتنا قال أساطير الأولين 
5298,<b>الواقعة 67</b>بل نحن محرومون 
5302,<b>الأنبياء 14</b>قالوا يا ويلنا إنا كنا ظالمين 
5307,<b>الصافات 154</b>ما لكم كيف تحكمون 
5316,<b>الأعراف 183</b>وأملي لهم إن كيدي متين 
5317,<b>الطور 40</b>أم تسألهم أجرا فهم من مغرم مثقلون 
5318,<b>الطور 41</b>أم عندهم الغيب فهم يكتبون 
5344,<b>القارعة 7</b>فهو في عيشة راضية 
5345,<b>الغاشية 10</b>في جنة عالية 
5357,<b>الماعون 3</b>ولا يحض على طعام المسكين 
5363,<b>التكوير 19</b>إنه لقول رسول كريم 
5366,<b>الواقعة 80</b>تنزيل من رب العالمين 
5375,"<b>الواقعة 74</b>فسبح باسم ربك العظيم ,<b>الواقعة 96</b>فسبح باسم ربك العظيم "
5384,<b>القارعة 5</b>وتكون الجبال كالعهن المنفوش 
5404,<b>المؤمنون 5</b>والذين هم لفروجهم حافظون 
5405,<b>المؤمنون 6</b>إلا على أزواجهم أو ما ملكت أيمانهم فإنهم غير ملومين 
5406,<b>المؤمنون 7</b>فمن ابتغى وراء ذلك فأولئك هم العادون 
5407,<b>المؤمنون 8</b>والذين هم لأماناتهم وعهدهم راعون 
5417,<b>الزخرف 83</b>فذرهم يخوضوا ويلعبوا حتى يلاقوا يومهم الذي يوعدون 
5494,<b>الإنسان 29</b>إن هذه تذكرة فمن شاء اتخذ إلى ربه سبيلا 
5550,<b>عبس 12</b>فمن شاء ذكره 
5585,<b>القيامة 35</b>ثم أولى لك فأولى 
5586,<b>القيامة 34</b>أولى لك فأولى 
5620,<b>المزمل 19</b>إن هذه تذكرة فمن شاء اتخذ إلى ربه سبيلا 
5637,"<b>المرسلات 19</b>ويل يومئذ للمكذبين ,<b>المرسلات 24</b>ويل يومئذ للمكذبين ,<b>المرسلات 28</b>ويل يومئذ للمكذبين ,<b>المرسلات 34</b>ويل يومئذ للمكذبين ,<b>المرسلات 37</b>ويل يومئذ للمكذبين ,<b>المرسلات 40</b>ويل يومئذ للمكذبين ,<b>المرسلات 45</b>ويل يومئذ للمكذبين ,<b>المرسلات 47</b>ويل يومئذ للمكذبين ,<b>المرسلات 49</b>ويل يومئذ للمكذبين ,<b>المطففين 10</b>ويل يومئذ للمكذبين "
5640,<b>الصافات 34</b>إنا كذلك نفعل بالمجرمين 
5641,"<b>المرسلات 15</b>ويل يومئذ للمكذبين ,<b>المرسلات 24</b>ويل يومئذ للمكذبين ,<b>المرسلات 28</b>ويل يومئذ للمكذبين ,<b>المرسلات 34</b>ويل يومئذ للمكذبين ,<b>المرسلات 37</b>ويل يومئذ للمكذبين ,<b>المرسلات 40</b>ويل يومئذ للمكذبين ,<b>المرسلات 45</b>ويل يومئذ للمكذبين ,<b>المرسلات 47</b>ويل يومئذ للمكذبين ,<b>المرسلات 49</b>ويل يومئذ للمكذبين ,<b>المطففين 10</b>ويل يومئذ للمكذبين "
5646,"<b>المرسلات 15</b>ويل يومئذ للمكذبين ,<b>المرسلات 19</b>ويل يومئذ للمكذبين ,<b>المرسلات 28</b>ويل يومئذ للمكذبين ,<b>المرسلات 34</b>ويل يومئذ للمكذبين ,<b>المرسلات 37</b>ويل يومئذ للمكذبين ,<b>المرسلات 40</b>ويل يومئذ للمكذبين ,<b>المرسلات 45</b>ويل يومئذ للمكذبين ,<b>المرسلات 47</b>ويل يومئذ للمكذبين ,<b>المرسلات 49</b>ويل يومئذ للمكذبين ,<b>المطففين 10</b>ويل يومئذ للمكذبين "
5650,"<b>المرسلات 15</b>ويل يومئذ للمكذبين ,<b>المرسلات 19</b>ويل يومئذ للمكذبين ,<b>المرسلات 24</b>ويل يومئذ للمكذبين ,<b>المرسلات 34</b>ويل يومئذ للمكذبين ,<b>المرسلات 37</b>ويل يومئذ للمكذبين ,<b>المرسلات 40</b>ويل يومئذ للمكذبين ,<b>المرسلات 45</b>ويل يومئذ للمكذبين ,<b>المرسلات 47</b>ويل يومئذ للمكذبين ,<b>المرسلات 49</b>ويل يومئذ للمكذبين ,<b>المطففين 10</b>ويل يومئذ للمكذبين "
5656,"<b>المرسلات 15</b>ويل يومئذ للمكذبين ,<b>المرسلات 19</b>ويل يومئذ للمكذبين ,<b>المرسلات 24</b>ويل يومئذ للمكذبين ,<b>المرسلات 28</b>ويل يومئذ للمكذبين ,<b>المرسلات 37</b>ويل يومئذ للمكذبين ,<b>المرسلات 40</b>ويل يومئذ للمكذبين ,<b>المرسلات 45</b>ويل يومئذ للمكذبين ,<b>المرسلات 47</b>ويل يومئذ للمكذبين ,<b>المرسلات 49</b>ويل يومئذ للمكذبين ,<b>المطففين 10</b>ويل يومئذ للمكذبين "
5659,"<b>المرسلات 15</b>ويل يومئذ للمكذبين ,<b>المرسلات 19</b>ويل يومئذ للمكذبين ,<b>المرسلات 24</b>ويل يومئذ للمكذبين ,<b>المرسلات 28</b>ويل يومئذ للمكذبين ,<b>المرسلات 34</b>ويل يومئذ للمكذبين ,<b>المرسلات 40</b>ويل يومئذ للمكذبين ,<b>المرسلات 45</b>ويل يومئذ للمكذبين ,<b>المرسلات 47</b>ويل يومئذ للمكذبين ,<b>المرسلات 49</b>ويل يومئذ للمكذبين ,<b>المطففين 10</b>ويل يومئذ للمكذبين "
5662,"<b>المرسلات 15</b>ويل يومئذ للمكذبين ,<b>المرسلات 19</b>ويل يومئذ للمكذبين ,<b>المرسلات 24</b>ويل يومئذ للمكذبين ,<b>المرسلات 28</b>ويل يومئذ للمكذبين ,<b>المرسلات 34</b>ويل يومئذ للمكذبين ,<b>المرسلات 37</b>ويل يومئذ للمكذبين ,<b>المرسلات 45</b>ويل يومئذ للمكذبين ,<b>المرسلات 47</b>ويل يومئذ للمكذبين ,<b>المرسلات 49</b>ويل يومئذ للمكذبين ,<b>المطففين 10</b>ويل يومئذ للمكذبين "
5665,<b>الطور 19</b>كلوا واشربوا هنيئا بما كنتم تعملون 
5666,"<b>الصافات 80</b>إنا كذلك نجزي المحسنين ,<b>الصافات 110</b>كذلك نجزي المحسنين ,<b>الصافات 121</b>إنا كذلك نجزي المحسنين ,<b>الصافات 131</b>إنا كذلك نجزي المحسنين "
5667,"<b>المرسلات 15</b>ويل يومئذ للمكذبين ,<b>المرسلات 19</b>ويل يومئذ للمكذبين ,<b>المرسلات 24</b>ويل يومئذ للمكذبين ,<b>المرسلات 28</b>ويل يومئذ للمكذبين ,<b>المرسلات 34</b>ويل يومئذ للمكذبين ,<b>المرسلات 37</b>ويل يومئذ للمكذبين ,<b>المرسلات 40</b>ويل يومئذ للمكذبين ,<b>المرسلات 47</b>ويل يومئذ للمكذبين ,<b>المرسلات 49</b>ويل يومئذ للمكذبين ,<b>المطففين 10</b>ويل يومئذ للمكذبين "
5669,"<b>المرسلات 15</b>ويل يومئذ للمكذبين ,<b>المرسلات 19</b>ويل يومئذ للمكذبين ,<b>المرسلات 24</b>ويل يومئذ للمكذبين ,<b>المرسلات 28</b>ويل يومئذ للمكذبين ,<b>المرسلات 34</b>ويل يومئذ للمكذبين ,<b>المرسلات 37</b>ويل يومئذ للمكذبين ,<b>المرسلات 40</b>ويل يومئذ للمكذبين ,<b>المرسلات 45</b>ويل يومئذ للمكذبين ,<b>المرسلات 49</b>ويل يومئذ للمكذبين ,<b>المطففين 10</b>ويل يومئذ للمكذبين "
5671,"<b>المرسلات 15</b>ويل يومئذ للمكذبين ,<b>المرسلات 19</b>ويل يومئذ للمكذبين ,<b>المرسلات 24</b>ويل يومئذ للمكذبين ,<b>المرسلات 28</b>ويل يومئذ للمكذبين ,<b>المرسلات 34</b>ويل يومئذ للمكذبين ,<b>المرسلات 37</b>ويل يومئذ للمكذبين ,<b>المرسلات 40</b>ويل يومئذ للمكذبين ,<b>المرسلات 45</b>ويل يومئذ للمكذبين ,<b>المرسلات 47</b>ويل يومئذ للمكذبين ,<b>المطففين 10</b>ويل يومئذ للمكذبين "
5676,<b>النبأ 5</b>ثم كلا سيعلمون 
5677,<b>النبأ 4</b>كلا سيعلمون 
5707,<b>الواقعة 25</b>لا يسمعون فيها لغوا ولا تأثيما 
5729,<b>طه 24</b>اذهب إلى فرعون إنه طغى 
5745,<b>عبس 32</b>متاعا لكم ولأنعامكم 
5770,<b>المدثر 55</b>فمن شاء ذكره 
5790,<b>النازعات 33</b>متاعا لكم ولأنعامكم 
5819,<b>الحاقة 40</b>إنه لقول رسول كريم 
5827,<b>ص 87</b>إن هو إلا ذكر للعالمين 
5842,<b>المطففين 22</b>إن الأبرار لفي نعيم 
5857,<b>المطففين 20</b>كتاب مرقوم 
5858,"<b>المرسلات 15</b>ويل يومئذ للمكذبين ,<b>المرسلات 19</b>ويل يومئذ للمكذبين ,<b>المرسلات 24</b>ويل يومئذ للمكذبين ,<b>المرسلات 28</b>ويل يومئذ للمكذبين ,<b>المرسلات 34</b>ويل يومئذ للمكذبين ,<b>المرسلات 37</b>ويل يومئذ للمكذبين ,<b>المرسلات 40</b>ويل يومئذ للمكذبين ,<b>المرسلات 45</b>ويل يومئذ للمكذبين ,<b>المرسلات 47</b>ويل يومئذ للمكذبين ,<b>المرسلات 49</b>ويل يومئذ للمكذبين "
5861,<b>القلم 15</b>إذا تتلى عليه آياتنا قال أساطير الأولين 
5868,<b>المطففين 9</b>كتاب مرقوم 
5870,<b>الانفطار 13</b>إن الأبرار لفي نعيم 
5871,<b>المطففين 35</b>على الأرائك ينظرون 
5883,<b>المطففين 23</b>على الأرائك ينظرون 
5886,<b>الانشقاق 5</b>وأذنت لربها وحقت 
5889,<b>الانشقاق 2</b>وأذنت لربها وحقت 
5909,"<b>فصلت 8</b>إن الذين آمنوا وعملوا الصالحات لهم أجر غير ممنون ,<b>التين 6</b>إلا الذين آمنوا وعملوا الصالحات فلهم أجر غير ممنون "
5977,<b>الحاقة 22</b>في جنة عالية 
6104,<b>الانشقاق 25</b>إلا الذين آمنوا وعملوا الصالحات لهم أجر غير ممنون 
6162,<b>المعارج 9</b>وتكون الجبال كالعهن 
6164,<b>الحاقة 21</b>فهو في عيشة راضية 
6171,<b>التكاثر 4</b>ثم كلا سوف تعلمون 
6172,<b>التكاثر 3</b>كلا سوف تعلمون 
6200,<b>الحاقة 34</b>ولا يحض على طعام المسكين 
6210,<b>الكافرون 5</b>ولا أنتم عابدون ما أعبد 
6212,<b>الكافرون 3</b>ولا أنتم عابدون ما أعبد 
